0;noreply@ofd.ru;;N/A;2020-09-05 16:07:00;Кассир;1087.48
1;noreply@ofd.ru;;N/A;2020-09-03 19:02:00;Кассир;1152.30
2;noreply@ofd.ru;;N/A;2020-08-31 20:10:00;Кассир;789.36
3;noreply@ofd.ru;;N/A;2020-08-29 11:32:00;Кассир;2299.93
4;noreply@ofd.ru;;N/A;2020-08-22 13:07:00;Кассир;1561.65
5;noreply@ofd.ru;;N/A;2020-08-10 13:24:00;Кассир;976.95
6;noreply@ofd.ru;;N/A;2020-08-04 15:52:00;Кассир;892.64
7;noreply@ofd.ru;;N/A;2020-08-01 16:41:00;Кассир;885.36
8;noreply@ofd.ru;;N/A;2020-07-29 17:01:00;Кассир;834.53
9;noreply@ofd.ru;;N/A;2020-06-20 15:50:00;Кассир;868.19
10;noreply@ofd.ru;;N/A;2020-09-06 18:40:00;Кассир;1004.50
11;noreply@ofd.ru;Магазин;115487, г. Москва, пр-кт Андропова, д.30;2020-09-12 16:14:00;АУР;1540.08
12;noreply@ofd.ru;;N/A;2020-09-17 16:19:00;Кассир;1184.60
13;noreply@ofd.ru;;N/A;2020-09-19 11:18:00;Кассир;1623.65
14;noreply@ofd.ru;;N/A;2020-09-22 17:17:00;Кассир;2049.63
15;noreply@ofd.ru;Магазин;115573, г. Москва, ул. Мусы Джалиля, д.16;2020-09-25 13:52:00;АУР;2897.39
16;noreply@ofd.ru;;N/A;2020-09-25 13:54:00;Кассир;2897.39
17;noreply@ofd.ru;;N/A;2020-09-28 10:28:00;Кассир;1640.75
18;noreply@ofd.ru;Магазин продуктов для здорового питания;N/A;2020-10-01 17:19:00;АУР;1074.03
19;noreply@ofd.ru;;N/A;2020-10-01 17:18:00;Кассир;1074.03
20;noreply@ofd.ru;Магазин;Г.Москва, 117452, б-р.Чонгарский, д.10, к.1;2020-10-02 13:11:00;Власюк Елена Владимировна;903.28
21;noreply@ofd.ru;Магазин;N/A;2020-10-03 17:12:00;Мартынова Анна Анатольевна;621.45
22;noreply@ofd.ru;;N/A;2020-10-03 17:11:00;Кассир;621.45
23;noreply@ofd.ru;;N/A;2020-10-04 15:37:00;Кассир;330.96
24;noreply@ofd.ru;Магазин;N/A;2020-10-06 20:23:00;Коновалова Вера Владимировна;1335.62
25;noreply@ofd.ru;магазин;77-Г.Москва, 115409, ш. Каширское, д.40, к.2;2020-10-10 18:20:00;Шехматова Лилия Васильевна;540.39
26;noreply@ofd.ru;;N/A;2020-11-22 13:42:00;Кассир;2073.97
27;noreply@ofd.ru;;N/A;2020-12-03 14:35:00;Кассир;1587.26
28;noreply@ofd.ru;Магазин;N/A;2020-12-05 15:46:00;АУР;1752.28
29;noreply@ofd.ru;Магазин;N/A;2020-12-14 20:26:00;Зашихин Александр Николаевич;976.66
30;noreply@ofd.ru;;N/A;2020-12-16 09:21:00;Кассир;1752.28
31;noreply@ofd.ru;Магазин продуктов для здорового питания;N/A;2020-12-18 15:30:00;АУР;1558.48
32;noreply@ofd.ru;;N/A;2020-12-21 11:22:00;Кассир;844.12
33;noreply@ofd.ru;;N/A;2020-12-21 14:22:00;Кассир;1558.48
34;noreply@ofd.ru;;N/A;2020-12-21 15:39:00;Кассир;1146.80
35;noreply@ofd.ru;;N/A;2020-12-24 15:33:00;Кассир;1408.57
36;noreply@ofd.ru;;N/A;2020-12-26 12:42:00;Кассир;2162.00
37;noreply@ofd.ru;;N/A;2020-12-28 16:36:00;Кассир;1459.87
38;noreply@ofd.ru;Магазин продуктов для здорового питания;N/A;2021-01-02 11:59:00;АУР;2978.91
39;noreply@ofd.ru;;N/A;2021-01-02 12:05:00;Кассир;2978.91
40;noreply@ofd.ru;Магазин продуктов для здорового питания;N/A;2021-01-10 17:12:00;АУР;2351.57
41;noreply@ofd.ru;;N/A;2021-01-11 09:58:00;Кассир;2351.57
42;noreply@ofd.ru;Магазин;115573, г. Москва, ул. Мусы Джалиля, д.16;2021-01-15 13:43:00;АУР;2827.66
43;noreply@ofd.ru;;N/A;2021-01-15 13:39:00;Кассир;2827.66
44;noreply@ofd.ru;;N/A;2021-01-22 17:39:00;Кассир;2441.95
45;noreply@ofd.ru;;N/A;2021-01-27 18:17:00;Кассир;2365.13
46;noreply@ofd.ru;;N/A;2021-01-29 13:26:00;Кассир;1537.86
47;noreply@ofd.ru;;N/A;2021-02-01 15:07:00;Кассир;660.58
48;noreply@ofd.ru;;N/A;2021-02-15 14:40:00;Кассир;719.00
49;noreply@ofd.ru;;N/A;2021-03-02 14:10:00;Кассир;1322.94
50;noreply@ofd.ru;;N/A;2021-03-20 18:58:00;Кассир;2623.82
51;noreply@ofd.ru;Магазин;115573, г. Москва, ул. Мусы Джалиля, д.16;2021-03-26 11:55:00;АУР;2012.70
52;noreply@ofd.ru;;N/A;2021-03-26 11:55:00;Кассир;2012.70
53;noreply@ofd.ru;https://vkusvill.ru;N/A;2021-03-29 13:09:00;Кассир;1603.61
54;noreply@ofd.ru;https://vkusvill.ru;N/A;2021-04-01 13:31:00;Кассир;1860.46
55;noreply@ofd.ru;https://vkusvill.ru/;N/A;2021-04-05 18:52:00;Кассир;1126.70
56;noreply@ofd.ru;https://vkusvill.ru/;N/A;2021-04-07 19:50:00;Кассир;1999.55
57;noreply@ofd.ru;https://vkusvill.ru/;N/A;2021-04-10 13:09:00;Кассир;1630.38
58;noreply@ofd.ru;https://vkusvill.ru;N/A;2021-04-13 12:19:00;Кассир;1833.22
59;noreply@ofd.ru;https://vkusvill.ru/;N/A;2021-04-17 11:59:00;Кассир;3508.38
60;noreply@ofd.ru;https://vkusvill.ru/;N/A;2021-04-19 18:12:00;Кассир;2082.51
61;noreply@ofd.ru;Магазин;N/A;2021-04-20 13:03:00;Гераськина Екатерина Сергеевна;137.00
62;noreply@ofd.ru;https://vkusvill.ru/;N/A;2021-04-23 13:41:00;Кассир;1875.72
63;noreply@ofd.ru;https://vkusvill.ru/;N/A;2021-04-28 14:05:00;Кассир;829.15
64;noreply@ofd.ru;Магазин;109456, г. Москва, Рязанский пр-кт, д.75/77;2021-05-02 11:55:00;АУР;100.00
65;noreply@ofd.ru;https://vkusvill.ru/;N/A;2021-05-05 15:34:00;Кассир;753.36
66;noreply@ofd.ru;https://vkusvill.ru/;N/A;2021-05-08 11:39:00;Кассир;2024.14
67;noreply@ofd.ru;https://vkusvill.ru/;N/A;2021-05-12 18:33:00;Кассир;2227.92
68;noreply@ofd.ru;https://vkusvill.ru/;N/A;2021-05-16 12:18:00;Кассир;1947.21
69;noreply@ofd.ru;https://vkusvill.ru;N/A;2021-05-26 15:01:00;Кассир;507.40
70;noreply@ofd.ru;vkusvill.ru;N/A;2021-06-28 09:45:00;Кассир;2261.22
71;noreply@ofd.ru;vkusvill.ru;N/A;2021-07-03 11:10:00;Кассир;2368.48
72;noreply@ofd.ru;vkusvill.ru;N/A;2021-07-06 18:23:00;Кассир;1953.50
73;noreply@ofd.ru;vkusvill.ru;N/A;2021-07-23 12:24:00;Кассир;1678.70
74;noreply@ofd.ru;vkusvill.ru;N/A;2021-07-30 11:11:00;Кассир;1921.60
75;noreply@ofd.ru;vkusvill.ru;N/A;2021-08-02 11:54:00;Кассир;1644.03
76;noreply@ofd.ru;vkusvill.ru;N/A;2021-08-04 15:22:00;Кассир;1893.06
77;noreply@ofd.ru;vkusvill.ru;N/A;2021-08-10 18:00:00;Кассир;717.45
78;noreply@ofd.ru;vkusvill.ru;N/A;2021-08-12 18:19:00;Кассир;1867.37
79;noreply@ofd.ru;vkusvill.ru;N/A;2021-08-18 11:09:00;Кассир;1645.81
80;noreply@ofd.ru;vkusvill.ru;N/A;2021-08-21 18:03:00;Кассир;1310.67
81;noreply@ofd.ru;vkusvill.ru;N/A;2021-08-26 13:20:00;Кассир;1565.74
82;noreply@ofd.ru;vkusvill.ru;N/A;2021-08-31 13:58:00;Кассир;3595.69
83;noreply@ofd.ru;vkusvill.ru;N/A;2021-09-05 13:29:00;Кассир;2651.78
84;noreply@ofd.ru;vkusvill.ru;N/A;2021-09-09 16:47:00;Кассир;1640.57
85;noreply@ofd.ru;vkusvill.ru;N/A;2021-09-17 11:51:00;Кассир;3016.10
86;noreply@ofd.ru;vkusvill.ru;N/A;2021-09-21 19:11:00;Кассир;1679.25
87;noreply@ofd.ru;vkusvill.ru;N/A;2021-09-23 14:13:00;Кассир;1437.08
88;noreply@ofd.ru;vkusvill.ru;N/A;2021-10-07 11:46:00;Кассир;2066.37
89;noreply@ofd.ru;vkusvill.ru;N/A;2021-10-12 11:27:00;Кассир;1215.00
90;noreply@ofd.ru;vkusvill.ru;N/A;2021-10-15 08:12:00;Кассир;1875.97
91;noreply@ofd.ru;vkusvill.ru;N/A;2021-10-17 14:19:00;Кассир;287.96
92;noreply@ofd.ru;vkusvill.ru;N/A;2021-10-17 14:22:00;Кассир;1995.71
93;noreply@ofd.ru;vkusvill.ru;N/A;2021-10-21 11:30:00;Кассир;2326.23
94;noreply@ofd.ru;vkusvill.ru;N/A;2021-10-26 19:52:00;Кассир;3102.73
95;noreply@ofd.ru;vkusvill.ru;N/A;2021-10-27 16:23:00;Кассир;1725.00
96;noreply@ofd.ru;vkusvill.ru;N/A;2021-10-29 05:35:00;Кассир;705.80
97;noreply@ofd.ru;vkusvill.ru;N/A;2021-11-01 15:22:00;Кассир;1558.82
98;noreply@ofd.ru;vkusvill.ru;N/A;2021-11-06 13:34:00;Кассир;2766.18
99;noreply@ofd.ru;vkusvill.ru;N/A;2021-11-09 12:50:00;Кассир;806.00
100;noreply@ofd.ru;vkusvill.ru;N/A;2021-11-12 12:48:00;Кассир;800.00
101;noreply@ofd.ru;vkusvill.ru;N/A;2021-11-14 13:38:00;Кассир;2025.85
102;noreply@ofd.ru;vkusvill.ru;N/A;2021-11-17 15:39:00;Кассир;1156.80
103;noreply@ofd.ru;vkusvill.ru;N/A;2021-11-22 12:15:00;Кассир;1974.00
104;noreply@ofd.ru;vkusvill.ru;N/A;2021-11-24 11:59:00;Кассир;1739.89
105;noreply@ofd.ru;vkusvill.ru;N/A;2021-11-28 20:36:00;Кассир;785.00
106;noreply@ofd.ru;vkusvill.ru;N/A;2021-11-29 20:30:00;Кассир;655.18
107;noreply@ofd.ru;vkusvill.ru;N/A;2021-12-02 16:35:00;Кассир;1394.76
108;noreply@ofd.ru;vkusvill.ru;N/A;2021-12-06 11:18:00;Кассир;901.29
109;noreply@ofd.ru;vkusvill.ru;N/A;2021-12-10 10:30:00;Кассир;1477.50
110;noreply@ofd.ru;vkusvill.ru;N/A;2021-12-10 10:30:00;Кассир;1477.50
111;noreply@ofd.ru;vkusvill.ru;N/A;2021-12-14 10:29:00;Кассир;2093.73
112;noreply@ofd.ru;vkusvill.ru;N/A;2021-12-14 10:32:00;Кассир;2093.73
113;noreply@ofd.ru;vkusvill.ru;N/A;2021-12-16 11:41:00;Кассир;867.55
114;noreply@ofd.ru;vkusvill.ru;N/A;2021-12-16 11:43:00;Кассир;867.55
115;noreply@ofd.ru;vkusvill.ru;N/A;2021-12-20 18:53:00;Кассир;3023.44
116;noreply@ofd.ru;vkusvill.ru;N/A;2021-12-20 18:53:00;Кассир;3023.44
117;noreply@ofd.ru;vkusvill.ru;N/A;2021-12-22 12:13:00;Кассир;537.28
118;noreply@ofd.ru;vkusvill.ru;N/A;2021-12-22 12:12:00;Кассир;537.28
119;noreply@ofd.ru;vkusvill.ru;N/A;2021-12-24 13:44:00;Кассир;2188.52
120;noreply@ofd.ru;vkusvill.ru;N/A;2021-12-24 13:45:00;Кассир;2188.52
121;noreply@ofd.ru;vkusvill.ru;N/A;2021-12-26 15:30:00;Кассир;714.79
122;noreply@ofd.ru;vkusvill.ru;N/A;2021-12-26 15:28:00;Кассир;714.79
123;noreply@ofd.ru;vkusvill.ru;N/A;2021-12-28 13:02:00;Кассир;3091.91
124;noreply@ofd.ru;vkusvill.ru;N/A;2021-12-28 13:03:00;Кассир;3091.91
125;noreply@ofd.ru;vkusvill.ru;N/A;2021-12-30 14:19:00;Кассир;3371.72
126;noreply@ofd.ru;vkusvill.ru;N/A;2022-01-04 11:26:00;Кассир;1672.50
127;noreply@ofd.ru;vkusvill.ru;N/A;2022-01-04 11:22:00;Кассир;1672.50
128;noreply@ofd.ru;vkusvill.ru;N/A;2022-01-08 17:30:00;Кассир;2144.93
129;noreply@ofd.ru;vkusvill.ru;N/A;2022-01-08 17:27:00;Кассир;2144.93
130;noreply@ofd.ru;vkusvill.ru;N/A;2022-01-14 11:47:00;Кассир;4338.91
131;noreply@ofd.ru;vkusvill.ru;N/A;2022-01-14 11:47:00;Кассир;4338.91
132;noreply@ofd.ru;vkusvill.ru;N/A;2022-01-19 12:23:00;Кассир;2505.20
133;noreply@ofd.ru;vkusvill.ru;N/A;2022-01-19 12:22:00;Кассир;2505.20
134;noreply@ofd.ru;vkusvill.ru;N/A;2022-01-24 12:35:00;Кассир;1615.03
135;noreply@ofd.ru;vkusvill.ru;N/A;2022-01-24 12:35:00;Кассир;1615.03
136;noreply@ofd.ru;vkusvill.ru;N/A;2022-01-28 10:08:00;Кассир;3119.62
137;noreply@ofd.ru;vkusvill.ru;N/A;2022-02-02 14:15:00;Кассир;979.90
138;noreply@ofd.ru;vkusvill.ru;N/A;2022-02-07 10:51:00;Кассир;1669.89
139;noreply@ofd.ru;vkusvill.ru;N/A;2022-02-13 17:03:00;Кассир;2515.18
140;noreply@ofd.ru;vkusvill.ru;N/A;2022-02-16 13:16:00;Кассир;1734.81
141;noreply@ofd.ru;vkusvill.ru;N/A;2022-02-19 14:35:00;Кассир;2470.32
142;noreply@ofd.ru;www.vkusvill.ru;N/A;2022-02-19 14:41:00;Кассир;2470.32
143;noreply@ofd.ru;vkusvill.ru;N/A;2022-02-20 18:22:00;Кассир;1540.74
144;noreply@ofd.ru;vkusvill.ru;N/A;2022-03-03 12:31:00;Кассир;1626.50
145;noreply@ofd.ru;www.vkusvill.ru;N/A;2022-03-03 16:43:00;Кассир;1626.50
146;noreply@ofd.ru;www.vkusvill.ru;N/A;2022-03-04 11:38:00;Кассир;1216.38
147;noreply@ofd.ru;vkusvill.ru;N/A;2022-03-04 11:37:00;Кассир;1216.38
148;noreply@ofd.ru;www.vkusvill.ru;N/A;2022-03-05 14:52:00;Кассир;1315.00
149;noreply@ofd.ru;vkusvill.ru;N/A;2022-03-05 14:49:00;Кассир;1315.00
150;noreply@ofd.ru;vkusvill.ru;N/A;2022-03-09 18:26:00;Кассир;1085.33
151;noreply@ofd.ru;www.vkusvill.ru;N/A;2022-03-09 18:27:00;Кассир;1085.33
152;noreply@ofd.ru;vkusvill.ru;N/A;2022-03-11 12:31:00;Кассир;2032.95
153;noreply@ofd.ru;www.vkusvill.ru;N/A;2022-03-11 13:36:00;Кассир;2032.95
154;noreply@ofd.ru;www.vkusvill.ru;N/A;2022-03-20 13:03:00;Кассир;1882.00
155;noreply@ofd.ru;vkusvill.ru;N/A;2022-03-20 12:58:00;Кассир;1882.00
156;noreply@ofd.ru;vkusvill.ru;N/A;2022-03-26 14:02:00;Кассир;1301.78
157;noreply@ofd.ru;www.vkusvill.ru;N/A;2022-03-26 14:02:00;Кассир;1301.77
158;noreply@ofd.ru;vkusvill.ru;N/A;2022-04-02 13:52:00;Кассир;2319.43
159;noreply@ofd.ru;www.vkusvill.ru;N/A;2022-04-02 13:53:00;Кассир;2319.43
160;noreply@ofd.ru;www.vkusvill.ru;N/A;2022-04-04 14:40:00;Кассир;1089.12
161;noreply@ofd.ru;vkusvill.ru;N/A;2022-04-04 14:39:00;Кассир;1089.12
162;noreply@ofd.ru;www.vkusvill.ru;N/A;2022-04-18 11:55:00;Кассир;1231.88
163;noreply@ofd.ru;vkusvill.ru;N/A;2022-04-18 11:51:00;Кассир;1231.88
164;noreply@ofd.ru;www.vkusvill.ru;N/A;2022-04-21 12:00:00;Кассир;1161.20
165;noreply@ofd.ru;vkusvill.ru;N/A;2022-04-21 12:00:00;Кассир;1161.20
166;noreply@ofd.ru;vkusvill.ru;N/A;2022-04-26 12:53:00;Кассир;690.00
167;noreply@ofd.ru;www.vkusvill.ru;N/A;2022-04-29 16:32:00;Кассир;1408.40
168;noreply@ofd.ru;vkusvill.ru;N/A;2022-04-29 16:30:00;Кассир;1408.40
169;noreply@ofd.ru;www.vkusvill.ru;N/A;2022-05-01 19:55:00;Кассир;659.00
170;noreply@ofd.ru;vkusvill.ru;N/A;2022-05-01 19:50:00;Кассир;659.00
171;noreply@ofd.ru;www.vkusvill.ru;N/A;2022-05-09 17:30:00;Кассир;2466.48
172;noreply@ofd.ru;vkusvill.ru;N/A;2022-05-09 17:28:00;Кассир;2466.48
173;noreply@ofd.ru;www.vkusvill.ru;N/A;2022-05-12 20:05:00;Кассир;1186.45
174;noreply@ofd.ru;vkusvill.ru;N/A;2022-05-12 20:04:00;Кассир;1186.45
175;noreply@ofd.ru;vkusvill.ru;N/A;2022-05-14 17:40:00;Кассир;828.35
176;noreply@ofd.ru;vkusvill.ru;N/A;2022-05-17 19:38:00;Кассир;800.97
177;noreply@ofd.ru;www.vkusvill.ru;N/A;2022-05-19 12:46:00;Кассир;1003.52
178;noreply@ofd.ru;vkusvill.ru;N/A;2022-05-19 12:43:00;Кассир;1003.52
179;noreply@ofd.ru;www.vkusvill.ru;N/A;2022-05-23 21:01:00;Кассир;2416.20
180;noreply@ofd.ru;vkusvill.ru;N/A;2022-05-23 20:59:00;Кассир;2416.21
181;noreply@ofd.ru;www.vkusvill.ru;N/A;2022-05-26 12:33:00;Кассир;1255.32
182;noreply@ofd.ru;vkusvill.ru;N/A;2022-05-26 12:31:00;Кассир;1255.32
183;noreply@ofd.ru;www.vkusvill.ru;N/A;2022-05-29 14:25:00;Кассир;1196.13
184;noreply@ofd.ru;vkusvill.ru;N/A;2022-05-29 14:19:00;Кассир;1196.13
185;noreply@ofd.ru;www.vkusvill.ru;N/A;2022-05-30 13:03:00;Кассир;1065.96
186;noreply@ofd.ru;vkusvill.ru;N/A;2022-05-30 12:57:00;Кассир;1065.96
187;noreply@ofd.ru;vkusvill.ru;N/A;2022-06-03 11:16:00;Кассир;3051.01
188;noreply@ofd.ru;www.vkusvill.ru;N/A;2022-06-03 11:17:00;Кассир;3051.01
189;noreply@ofd.ru;vkusvill.ru;N/A;2022-06-07 12:14:00;Кассир;1707.24
190;noreply@ofd.ru;www.vkusvill.ru;N/A;2022-06-13 13:11:00;Кассир;1988.85
191;noreply@ofd.ru;vkusvill.ru;N/A;2022-06-13 13:12:00;Кассир;1988.85
192;noreply@ofd.ru;www.vkusvill.ru;N/A;2022-06-15 11:02:00;Кассир;2028.20
193;noreply@ofd.ru;vkusvill.ru;N/A;2022-06-15 11:03:00;Кассир;2028.20
194;noreply@ofd.ru;www.vkusvill.ru;N/A;2022-06-18 14:58:00;Кассир;1119.55
195;noreply@ofd.ru;vkusvill.ru;N/A;2022-06-18 14:58:00;Кассир;1119.55
196;noreply@ofd.ru;vkusvill.ru;N/A;2022-06-21 12:08:00;Кассир;2576.39
197;noreply@ofd.ru;www.vkusvill.ru;N/A;2022-06-21 13:36:00;Кассир;2576.39
198;noreply@ofd.ru;www.vkusvill.ru;N/A;2022-06-23 13:22:00;Кассир;1616.21
199;noreply@ofd.ru;vkusvill.ru;N/A;2022-06-23 13:22:00;Кассир;1616.21
200;noreply@ofd.ru;vkusvill.ru;N/A;2022-06-27 16:39:00;Кассир;1552.47
201;noreply@ofd.ru;www.vkusvill.ru;N/A;2022-07-05 12:57:00;Кассир;1311.63
202;noreply@ofd.ru;vkusvill.ru;N/A;2022-07-05 12:56:00;Кассир;1311.63
203;noreply@ofd.ru;vkusvill.ru;N/A;2022-07-07 12:19:00;Кассир;1026.00
204;noreply@ofd.ru;www.vkusvill.ru;N/A;2022-07-07 12:19:00;Кассир;1026.00
205;noreply@ofd.ru;www.vkusvill.ru;N/A;2022-07-08 11:01:00;Кассир;1158.93
206;noreply@ofd.ru;vkusvill.ru;N/A;2022-07-08 11:02:00;Кассир;1158.93
207;noreply@ofd.ru;www.vkusvill.ru;N/A;2022-07-12 11:24:00;Кассир;1305.12
208;noreply@ofd.ru;vkusvill.ru;N/A;2022-07-12 11:24:00;Кассир;1305.12
209;noreply@ofd.ru;vkusvill.ru;N/A;2022-07-15 09:49:00;Кассир;1209.29
210;noreply@ofd.ru;www.vkusvill.ru;N/A;2022-07-15 09:49:00;Кассир;1209.29
211;noreply@ofd.ru;vkusvill.ru;N/A;2022-07-23 10:59:00;Кассир;1764.72
212;noreply@ofd.ru;www.vkusvill.ru;N/A;2022-07-27 19:46:00;Кассир;1067.56
213;noreply@ofd.ru;vkusvill.ru;N/A;2022-07-27 19:42:00;Кассир;1067.56
214;noreply@ofd.ru;www.vkusvill.ru;N/A;2022-07-30 20:35:00;Кассир;1608.48
215;noreply@ofd.ru;vkusvill.ru;N/A;2022-07-30 20:35:00;Кассир;1608.48
216;noreply@ofd.ru;www.vkusvill.ru;N/A;2022-08-01 14:10:00;Кассир;1219.52
217;noreply@ofd.ru;vkusvill.ru;N/A;2022-08-01 14:12:00;Кассир;1219.52
218;noreply@ofd.ru;www.vkusvill.ru;N/A;2022-08-07 14:26:00;Кассир;1646.76
219;noreply@ofd.ru;vkusvill.ru;N/A;2022-08-07 14:25:00;Кассир;1646.76
220;noreply@ofd.ru;vkusvill.ru;N/A;2022-08-09 20:17:00;Кассир;876.44
221;noreply@ofd.ru;www.vkusvill.ru;N/A;2022-08-09 20:18:00;Кассир;876.44
222;noreply@ofd.ru;Магазин продуктов для здорового питания;N/A;2022-08-13 21:10:00;АУР;773.72
223;noreply@ofd.ru;Магазин продуктов для здорового питания;191040, 78, Г.Санкт-Петербург, Кузнечный переулок, дом 19-21, литера П;2022-08-14 21:07:00;Горшкова Наталья Александровна;574.82
224;noreply@ofd.ru;Магазин продуктов для здорового питания;191119, 78, Г.Санкт-Петербург, Правды улица, дом 2/13, литера А;2022-08-16 18:41:00;АУР;832.76
225;noreply@ofd.ru;Магазин продуктов для здорового питания;191040, 78, Г.Санкт-Петербург, Кузнечный переулок, дом 19-21, литера П;2022-08-17 16:57:00;Лайтнер Иван Иванович;291.62
226;noreply@ofd.ru;Магазин продуктов для здорового питания;191119, 78, Г.Санкт-Петербург, ул. Правды, Д.2.;2022-08-18 13:57:00;Пелина Лариса Борисовна;325.68
227;noreply@ofd.ru;www.vkusvill.ru;N/A;2022-08-18 20:16:00;Кассир;1429.72
228;noreply@ofd.ru;vkusvill.ru;N/A;2022-08-18 20:11:00;Кассир;1429.72
229;noreply@ofd.ru;vkusvill.ru;N/A;2022-08-20 15:29:00;Кассир;370.00
230;noreply@ofd.ru;vkusvill.ru;N/A;2022-08-20 15:29:00;Кассир;370.00
231;noreply@ofd.ru;www.vkusvill.ru;N/A;2022-08-20 15:41:00;Кассир;1923.68
232;noreply@ofd.ru;vkusvill.ru;N/A;2022-08-20 15:39:00;Кассир;1923.68
233;noreply@ofd.ru;www.vkusvill.ru;N/A;2022-08-28 10:58:00;Кассир;2100.56
234;noreply@ofd.ru;vkusvill.ru;N/A;2022-08-28 10:58:00;Кассир;2100.56
235;noreply@ofd.ru;www.vkusvill.ru;N/A;2022-08-30 16:30:00;Кассир;1046.14
236;noreply@ofd.ru;vkusvill.ru;N/A;2022-08-30 16:31:00;Кассир;1046.14
237;noreply@ofd.ru;www.vkusvill.ru;N/A;2022-09-01 10:48:00;Кассир;1673.69
238;noreply@ofd.ru;vkusvill.ru;N/A;2022-09-01 10:49:00;Кассир;1673.69
239;noreply@ofd.ru;www.vkusvill.ru;N/A;2022-09-03 10:32:00;Кассир;981.77
240;noreply@ofd.ru;vkusvill.ru;N/A;2022-09-03 10:34:00;Кассир;981.77
241;noreply@ofd.ru;www.vkusvill.ru;N/A;2022-09-04 19:22:00;Кассир;1621.00
242;noreply@ofd.ru;vkusvill.ru;N/A;2022-09-04 19:22:00;Кассир;1621.00
243;noreply@ofd.ru;www.vkusvill.ru;N/A;2022-09-11 14:39:00;Кассир;734.05
244;noreply@ofd.ru;vkusvill.ru;N/A;2022-09-11 14:39:00;Кассир;734.05
245;noreply@ofd.ru;vkusvill.ru;N/A;2022-09-15 17:05:00;Кассир;773.13
246;noreply@ofd.ru;www.vkusvill.ru;N/A;2022-09-15 17:04:00;Кассир;773.13
247;noreply@ofd.ru;vkusvill.ru;N/A;2022-09-14 20:00:00;Кассир;1646.57
248;noreply@ofd.ru;www.vkusvill.ru;N/A;2022-09-14 19:59:00;Кассир;1646.57
249;noreply@ofd.ru;www.vkusvill.ru;N/A;2022-09-17 19:31:00;Кассир;1007.70
250;noreply@ofd.ru;vkusvill.ru;N/A;2022-09-17 19:32:00;Кассир;1007.70
251;noreply@ofd.ru;www.vkusvill.ru;г. Москва, ул. Ленинская Слобода, д.19;2022-09-19 20:04:00;Кассир;1180.28
252;noreply@ofd.ru;vkusvill.ru;N/A;2022-09-19 20:11:00;Кассир;1180.28
253;noreply@ofd.ru;www.vkusvill.ru;N/A;2022-09-25 17:47:00;Кассир;1359.82
254;noreply@ofd.ru;vkusvill.ru;N/A;2022-09-25 17:49:00;Кассир;1359.82
255;noreply@ofd.ru;www.vkusvill.ru;N/A;2022-09-27 18:47:00;Кассир;1163.99
256;noreply@ofd.ru;vkusvill.ru;N/A;2022-09-27 18:51:00;Кассир;1163.99
257;noreply@ofd.ru;www.vkusvill.ru;г. Москва, ул. Ленинская Слобода, д.19;2022-10-05 12:23:00;Кассир;1309.13
258;noreply@ofd.ru;vkusvill.ru;N/A;2022-10-05 12:23:00;Кассир;1309.13
259;noreply@ofd.ru;vkusvill.ru;N/A;2022-10-07 13:44:00;Кассир;1628.65
260;noreply@ofd.ru;www.vkusvill.ru;N/A;2022-10-07 13:43:00;Кассир;1628.65
261;noreply@ofd.ru;vkusvill.ru;N/A;2022-10-08 18:58:00;Кассир;940.77
262;noreply@ofd.ru;www.vkusvill.ru;г. Москва, ул. Ленинская Слобода, д.19;2022-10-08 18:55:00;Кассир;940.77
263;noreply@ofd.ru;www.vkusvill.ru;N/A;2022-10-09 07:27:00;Кассир;1893.66
264;noreply@ofd.ru;vkusvill.ru;N/A;2022-10-09 07:27:00;Кассир;1893.66
265;noreply@ofd.ru;vkusvill.ru;N/A;2022-10-10 13:09:00;Кассир;570.52
266;noreply@ofd.ru;www.vkusvill.ru;N/A;2022-10-10 13:07:00;Кассир;570.52
267;noreply@ofd.ru;www.vkusvill.ru;г. Москва, ул. Ленинская Слобода, д.19;2022-10-11 19:33:00;Кассир;1389.89
268;noreply@ofd.ru;vkusvill.ru;N/A;2022-10-11 19:32:00;Кассир;1389.89
269;noreply@ofd.ru;www.vkusvill.ru;N/A;2022-10-14 11:55:00;Кассир;1455.01
270;noreply@ofd.ru;vkusvill.ru;N/A;2022-10-14 11:54:00;Кассир;1455.01
271;noreply@ofd.ru;vkusvill.ru;N/A;2022-10-16 11:39:00;Кассир;2604.84
272;noreply@ofd.ru;www.vkusvill.ru;г. Москва, ул. Ленинская Слобода, д.19;2022-10-16 12:05:00;Кассир;2604.84
273;noreply@ofd.ru;vkusvill.ru;N/A;2022-10-19 17:12:00;Кассир;1325.47
274;noreply@ofd.ru;vkusvill.ru;N/A;2022-10-21 12:47:00;Кассир;2540.04
275;noreply@ofd.ru;www.vkusvill.ru;г. Москва, ул. Ленинская Слобода, д.19;2022-10-21 13:20:00;Кассир;2540.04
276;noreply@ofd.ru;vkusvill.ru;N/A;2022-10-23 10:35:00;Кассир;1934.11
277;noreply@ofd.ru;www.vkusvill.ru;N/A;2022-10-23 10:53:00;Кассир;1934.11
278;noreply@ofd.ru;www.vkusvill.ru;N/A;2022-10-26 11:54:00;Кассир;1358.38
279;noreply@ofd.ru;vkusvill.ru;N/A;2022-10-26 11:53:00;Кассир;1358.38
280;noreply@ofd.ru;www.vkusvill.ru;г. Москва, ул. Ленинская Слобода, д.19;2022-10-30 15:03:00;Кассир;2206.87
281;noreply@ofd.ru;vkusvill.ru;N/A;2022-10-30 15:02:00;Кассир;2206.87
282;noreply@ofd.ru;www.vkusvill.ru;г. Москва, ул. Ленинская Слобода, д.19;2022-11-02 08:52:00;Кассир;1634.52
283;noreply@ofd.ru;vkusvill.ru;N/A;2022-11-02 08:50:00;Кассир;1634.52
284;noreply@ofd.ru;vkusvill.ru;N/A;2022-11-05 18:11:00;Кассир;1450.56
285;noreply@ofd.ru;www.vkusvill.ru;г. Москва, ул. Ленинская Слобода, д.19;2022-11-05 18:13:00;Кассир;1450.56
286;noreply@ofd.ru;www.vkusvill.ru;г. Москва, ул. Ленинская Слобода, д.19;2022-11-06 15:41:00;Кассир;1319.88
287;noreply@ofd.ru;vkusvill.ru;N/A;2022-11-06 15:40:00;Кассир;1319.88
288;noreply@ofd.ru;vkusvill.ru;N/A;2022-11-08 18:48:00;Кассир;1062.40
289;noreply@ofd.ru;www.vkusvill.ru;N/A;2022-11-08 18:48:00;Кассир;1062.40
290;noreply@ofd.ru;www.vkusvill.ru;г. Москва, ул. Ленинская Слобода, д.19;2022-11-10 09:58:00;Кассир;1733.46
291;noreply@ofd.ru;vkusvill.ru;N/A;2022-11-10 09:56:00;Кассир;1733.46
292;noreply@ofd.ru;www.vkusvill.ru;г. Москва, ул. Ленинская Слобода, д.19;2022-11-12 18:33:00;Кассир;2422.00
293;noreply@ofd.ru;vkusvill.ru;N/A;2022-11-12 18:33:00;Кассир;2422.00
294;noreply@ofd.ru;vkusvill.ru;N/A;2022-11-16 12:03:00;Кассир;2071.50
295;noreply@ofd.ru;www.vkusvill.ru;г. Москва, ул. Ленинская Слобода, д.19;2022-11-16 12:06:00;Кассир;2071.50
296;noreply@ofd.ru;www.vkusvill.ru;г. Москва, ул. Ленинская Слобода, д.19;2022-11-18 17:14:00;Кассир;2196.35
297;noreply@ofd.ru;vkusvill.ru;N/A;2022-11-18 17:14:00;Кассир;2196.35
298;noreply@ofd.ru;www.vkusvill.ru;г. Москва, ул. Ленинская Слобода, д.19;2022-11-21 11:56:00;Кассир;1325.15
299;noreply@ofd.ru;vkusvill.ru;N/A;2022-11-21 11:57:00;Кассир;1325.15
300;noreply@ofd.ru;vkusvill.ru;N/A;2022-11-24 11:57:00;Кассир;1968.88
301;noreply@ofd.ru;www.vkusvill.ru;г. Москва, ул. Ленинская Слобода, д.19;2022-11-24 11:59:00;Кассир;1968.88
302;noreply@ofd.ru;vkusvill.ru;N/A;2022-11-25 09:53:00;Кассир;1603.06
303;noreply@ofd.ru;www.vkusvill.ru;г. Москва, ул. Ленинская Слобода, д.19;2022-11-25 09:55:00;Кассир;1603.06
304;noreply@ofd.ru;www.vkusvill.ru;г. Москва, ул. Ленинская Слобода, д.19;2022-11-27 14:05:00;Кассир;1903.33
305;noreply@ofd.ru;vkusvill.ru;N/A;2022-11-27 14:05:00;Кассир;1903.33
306;noreply@ofd.ru;www.vkusvill.ru;г. Москва, ул. Ленинская Слобода, д.19;2022-11-30 16:22:00;Кассир;1143.22
307;noreply@ofd.ru;vkusvill.ru;N/A;2022-11-30 16:18:00;Кассир;1143.22
308;noreply@ofd.ru;vkusvill.ru;N/A;2022-12-02 18:16:00;Кассир;2280.97
309;noreply@ofd.ru;www.vkusvill.ru;г. Москва, ул. Ленинская Слобода, д.19;2022-12-04 18:08:00;Кассир;1879.90
310;noreply@ofd.ru;vkusvill.ru;N/A;2022-12-04 18:07:00;Кассир;1879.90
311;noreply@ofd.ru;www.vkusvill.ru;г. Москва, ул. Ленинская Слобода, д.19;2022-12-06 15:28:00;Кассир;1000.46
312;noreply@ofd.ru;vkusvill.ru;N/A;2022-12-06 15:27:00;Кассир;1000.46
313;noreply@ofd.ru;;N/A;;;0.00
314;noreply@ofd.ru;www.vkusvill.ru;г. Москва, ул. Ленинская Слобода, д.19;2022-12-09 12:04:00;Кассир;4003.14
315;noreply@ofd.ru;vkusvill.ru;N/A;2022-12-09 12:03:00;Кассир;4003.14
316;noreply@ofd.ru;www.vkusvill.ru;г. Москва, ул. Ленинская Слобода, д.19;2022-12-12 08:57:00;Кассир;1444.54
317;noreply@ofd.ru;vkusvill.ru;N/A;2022-12-12 08:58:00;Кассир;1444.54
318;noreply@ofd.ru;vkusvill.ru;N/A;2022-12-14 15:53:00;Кассир;1393.27
319;noreply@ofd.ru;www.vkusvill.ru;г. Москва, ул. Ленинская Слобода, д.19;2022-12-14 15:55:00;Кассир;1393.27
320;noreply@ofd.ru;vkusvill.ru;N/A;2022-12-16 20:35:00;Кассир;1123.76
321;noreply@ofd.ru;www.vkusvill.ru;г. Москва, ул. Ленинская Слобода, д.19;2022-12-16 20:35:00;Кассир;1123.76
322;noreply@ofd.ru;vkusvill.ru;N/A;2022-12-21 11:09:00;Кассир;1107.01
323;noreply@ofd.ru;www.vkusvill.ru;г. Москва, ул. Ленинская Слобода, д.19;2022-12-21 11:10:00;Кассир;1107.01
324;noreply@ofd.ru;vkusvill.ru;N/A;2022-12-31 13:36:00;Кассир;7594.08
325;noreply@ofd.ru;www.vkusvill.ru;г. Москва, ул. Ленинская Слобода, д.19;2022-12-31 13:37:00;Кассир;7594.08
326;noreply@ofd.ru;www.vkusvill.ru;г. Москва, ул. Ленинская Слобода, д.19;2023-01-01 20:55:00;Кассир;1117.82
327;noreply@ofd.ru;vkusvill.ru;N/A;2023-01-01 20:54:00;Кассир;1117.82
328;noreply@ofd.ru;www.vkusvill.ru;г. Москва, ул. Ленинская Слобода, д.19;2023-01-12 11:52:00;Кассир;1354.56
329;noreply@ofd.ru;vkusvill.ru;N/A;2023-01-12 11:51:00;Кассир;1354.56
330;noreply@ofd.ru;vkusvill.ru;N/A;2023-01-14 10:42:00;Кассир;2087.50
331;noreply@ofd.ru;www.vkusvill.ru;г. Москва, ул. Ленинская Слобода, д.19;2023-01-14 10:45:00;Кассир;2087.50
332;noreply@ofd.ru;www.vkusvill.ru;г. Москва, ул. Ленинская Слобода, д.19;2023-01-17 11:23:00;Кассир;937.00
333;noreply@ofd.ru;vkusvill.ru;N/A;2023-01-17 11:23:00;Кассир;937.00
334;noreply@ofd.ru;vkusvill.ru;N/A;2023-01-18 12:20:00;Кассир;1228.81
335;noreply@ofd.ru;www.vkusvill.ru;г. Москва, ул. Ленинская Слобода, д.19;2023-01-18 12:22:00;Кассир;1228.81
336;noreply@ofd.ru;vkusvill.ru;N/A;2023-01-21 11:19:00;Кассир;2249.92
337;noreply@ofd.ru;www.vkusvill.ru;г. Москва, ул. Ленинская Слобода, д.19;2023-01-21 11:21:00;Кассир;2249.92
338;noreply@ofd.ru;www.vkusvill.ru;г. Москва, ул. Ленинская Слобода, д.19;2023-01-25 09:58:00;Кассир;1138.54
339;noreply@ofd.ru;vkusvill.ru;N/A;2023-01-25 09:57:00;Кассир;1138.55
340;noreply@ofd.ru;vkusvill.ru;N/A;2023-01-29 10:51:00;Кассир;1447.57
341;noreply@ofd.ru;www.vkusvill.ru;г. Москва, ул. Ленинская Слобода, д.19;2023-01-29 11:29:00;Кассир;1447.57
342;noreply@ofd.ru;www.vkusvill.ru;г. Москва, ул. Ленинская Слобода, д.19;2023-02-01 10:30:00;Кассир;1407.92
343;noreply@ofd.ru;vkusvill.ru;N/A;2023-02-01 10:27:00;Кассир;1407.92
344;noreply@ofd.ru;vkusvill.ru;N/A;2023-02-04 11:55:00;Кассир;1175.65
345;noreply@ofd.ru;www.vkusvill.ru;г. Москва, ул. Ленинская Слобода, д.19;2023-02-04 12:12:00;Кассир;1175.65
346;noreply@ofd.ru;vkusvill.ru;N/A;2023-02-05 12:08:00;Кассир;1958.80
347;noreply@ofd.ru;www.vkusvill.ru;г. Москва, ул. Ленинская Слобода, д.19;2023-02-05 12:26:00;Кассир;1958.80
348;noreply@ofd.ru;www.vkusvill.ru;г. Москва, ул. Ленинская Слобода, д.19;2023-02-08 12:57:00;Кассир;1799.92
349;noreply@ofd.ru;vkusvill.ru;N/A;2023-02-08 12:55:00;Кассир;1799.92
350;noreply@ofd.ru;vkusvill.ru;N/A;2023-02-12 11:55:00;Кассир;1567.91
351;noreply@ofd.ru;www.vkusvill.ru;г. Москва, ул. Ленинская Слобода, д.19;2023-02-12 12:02:00;Кассир;1567.91
352;noreply@ofd.ru;www.vkusvill.ru;г. Москва, ул. Ленинская Слобода, д.19;2023-02-21 10:39:00;Кассир;2012.80
353;noreply@ofd.ru;vkusvill.ru;N/A;2023-02-21 10:37:00;Кассир;2012.80
354;noreply@ofd.ru;vkusvill.ru;N/A;2023-02-25 19:01:00;Кассир;1481.44
355;noreply@ofd.ru;www.vkusvill.ru;г. Москва, ул. Ленинская Слобода, д.19;2023-02-25 19:03:00;Кассир;1481.44
356;noreply@ofd.ru;www.vkusvill.ru;г. Москва, ул. Ленинская Слобода, д.19;2023-03-02 12:44:00;Кассир;1777.81
357;noreply@ofd.ru;vkusvill.ru;N/A;2023-03-02 12:45:00;Кассир;1777.81
358;noreply@ofd.ru;vkusvill.ru;N/A;2023-03-05 13:31:00;Кассир;2722.04
359;noreply@ofd.ru;www.vkusvill.ru;г. Москва, ул. Ленинская Слобода, д.19;2023-03-05 14:08:00;Кассир;2722.04
360;noreply@ofd.ru;www.vkusvill.ru;г. Москва, ул. Ленинская Слобода, д.19;2023-03-10 14:18:00;Кассир;1845.90
361;noreply@ofd.ru;vkusvill.ru;N/A;2023-03-10 14:17:00;Кассир;1845.90
362;noreply@ofd.ru;vkusvill.ru;N/A;2023-03-12 11:35:00;Кассир;1539.51
363;noreply@ofd.ru;www.vkusvill.ru;г. Москва, ул. Ленинская Слобода, д.19;2023-03-12 11:42:00;Кассир;1539.50
364;noreply@ofd.ru;vkusvill.ru;N/A;2023-03-14 11:58:00;Кассир;1004.46
365;noreply@ofd.ru;www.vkusvill.ru;г. Москва, ул. Ленинская Слобода, д.19;2023-03-14 11:59:00;Кассир;1004.46
366;noreply@ofd.ru;vkusvill.ru;N/A;2023-03-17 10:18:00;Кассир;1335.97
367;noreply@ofd.ru;www.vkusvill.ru;г. Москва, ул. Ленинская Слобода, д.19;2023-03-17 10:22:00;Кассир;1335.97
368;noreply@ofd.ru;vkusvill.ru;N/A;2023-03-21 08:18:00;Кассир;2094.34
369;noreply@ofd.ru;www.vkusvill.ru;г. Москва, ул. Ленинская Слобода, д.19;2023-03-21 08:20:00;Кассир;2094.34
370;noreply@ofd.ru;vkusvill.ru;N/A;2023-03-23 21:08:00;Кассир;1342.89
371;noreply@ofd.ru;www.vkusvill.ru;г. Москва, ул. Ленинская Слобода, д.19;2023-03-23 21:08:00;Кассир;1342.89
372;noreply@ofd.ru;vkusvill.ru;N/A;2023-03-27 14:00:00;Кассир;1079.00
373;noreply@ofd.ru;www.vkusvill.ru;г. Москва, ул. Ленинская Слобода, д.19;2023-03-27 14:02:00;Кассир;1079.00
374;noreply@ofd.ru;www.vkusvill.ru;г. Москва, ул. Ленинская Слобода, д.19;2023-03-31 09:59:00;Кассир;1480.00
375;noreply@ofd.ru;vkusvill.ru;N/A;2023-03-31 09:59:00;Кассир;1480.00
376;noreply@ofd.ru;www.vkusvill.ru;г. Москва, ул. Ленинская Слобода, д.19;2023-04-09 16:22:00;Кассир;1577.05
377;noreply@ofd.ru;vkusvill.ru;N/A;2023-04-09 16:22:00;Кассир;1577.05
378;noreply@ofd.ru;vkusvill.ru;N/A;2023-04-12 10:58:00;Кассир;2059.28
379;noreply@ofd.ru;www.vkusvill.ru;г. Москва, ул. Ленинская Слобода, д.19;2023-04-12 11:00:00;Кассир;2059.28
380;noreply@ofd.ru;www.vkusvill.ru;г. Москва, ул. Ленинская Слобода, д.19;2023-04-14 11:01:00;Кассир;1026.17
381;noreply@ofd.ru;vkusvill.ru;N/A;2023-04-14 11:00:00;Кассир;1026.17
382;noreply@ofd.ru;vkusvill.ru;N/A;2023-04-18 12:00:00;Кассир;1035.12
383;noreply@ofd.ru;www.vkusvill.ru;г. Москва, ул. Ленинская Слобода, д.19;2023-04-18 12:02:00;Кассир;1035.12
384;noreply@ofd.ru;vkusvill.ru;N/A;2023-04-21 09:24:00;Кассир;1992.52
385;noreply@ofd.ru;www.vkusvill.ru;г. Москва, ул. Ленинская Слобода, д.19;2023-04-21 09:34:00;Кассир;1992.52
386;noreply@ofd.ru;vkusvill.ru;N/A;2023-04-25 10:59:00;Кассир;1581.78
387;noreply@ofd.ru;www.vkusvill.ru;г. Москва, ул. Ленинская Слобода, д.19;2023-04-25 11:53:00;Кассир;1581.78
388;noreply@ofd.ru;vkusvill.ru;N/A;2023-04-28 10:18:00;Кассир;1043.94
389;noreply@ofd.ru;www.vkusvill.ru;г. Москва, ул. Ленинская Слобода, д.19;2023-04-28 10:27:00;Кассир;1043.94
390;noreply@ofd.ru;vkusvill.ru;N/A;2023-04-30 16:30:00;Кассир;1881.47
391;noreply@ofd.ru;www.vkusvill.ru;г. Москва, ул. Ленинская Слобода, д.19;2023-04-30 18:05:00;Кассир;1881.47
392;noreply@ofd.ru;vkusvill.ru;N/A;2023-05-01 10:32:00;Кассир;1744.18
393;noreply@ofd.ru;www.vkusvill.ru;г. Москва, ул. Ленинская Слобода, д.19;2023-05-01 10:56:00;Кассир;1744.18
394;noreply@ofd.ru;vkusvill.ru;N/A;2023-05-03 10:15:00;Кассир;2019.15
395;noreply@ofd.ru;www.vkusvill.ru;г. Москва, ул. Ленинская Слобода, д.19;2023-05-03 10:27:00;Кассир;2019.15
396;noreply@ofd.ru;www.vkusvill.ru;г. Москва, ул. Ленинская Слобода, д.19;2023-05-10 11:42:00;Кассир;1272.12
397;noreply@ofd.ru;vkusvill.ru;N/A;2023-05-10 11:42:00;Кассир;1272.12
398;noreply@ofd.ru;vkusvill.ru;N/A;2023-05-11 20:17:00;Кассир;1332.00
399;noreply@ofd.ru;www.vkusvill.ru;г. Москва, ул. Ленинская Слобода, д.19;2023-05-11 20:18:00;Кассир;1332.00
400;noreply@ofd.ru;www.vkusvill.ru;г. Москва, ул. Ленинская Слобода, д.19;2023-05-15 10:59:00;Кассир;1497.15
401;noreply@ofd.ru;vkusvill.ru;N/A;2023-05-15 10:57:00;Кассир;1497.15
402;noreply@ofd.ru;vkusvill.ru;N/A;2023-05-17 10:59:00;Кассир;1301.33
403;noreply@ofd.ru;www.vkusvill.ru;г. Москва, ул. Ленинская Слобода, д.19;2023-05-17 11:01:00;Кассир;1301.33
404;noreply@ofd.ru;vkusvill.ru;N/A;2023-05-19 11:46:00;Кассир;973.54
405;noreply@ofd.ru;www.vkusvill.ru;г. Москва, ул. Ленинская Слобода, д.19;2023-05-19 11:46:00;Кассир;973.54
406;noreply@ofd.ru;www.vkusvill.ru;г. Москва, ул. Ленинская Слобода, д.19;2023-05-24 11:11:00;Кассир;2147.92
407;noreply@ofd.ru;vkusvill.ru;N/A;2023-05-24 11:11:00;Кассир;2147.92
408;noreply@ofd.ru;vkusvill.ru;N/A;2023-05-26 12:32:00;Кассир;1565.59
409;noreply@ofd.ru;www.vkusvill.ru;г. Москва, ул. Ленинская Слобода, д.19;2023-05-26 12:54:00;Кассир;1565.59
410;noreply@ofd.ru;www.vkusvill.ru;г. Москва, ул. Ленинская Слобода, д.19;2023-05-28 14:03:00;Кассир;1704.98
411;noreply@ofd.ru;vkusvill.ru;N/A;2023-05-28 14:03:00;Кассир;1704.98
412;noreply@ofd.ru;vkusvill.ru;N/A;2023-06-01 09:39:00;Кассир;1525.08
413;noreply@ofd.ru;www.vkusvill.ru;г. Москва, ул. Ленинская Слобода, д.19;2023-06-01 09:40:00;Кассир;1525.08
414;noreply@ofd.ru;vkusvill.ru;N/A;2023-06-06 11:47:00;Кассир;1683.66
415;noreply@ofd.ru;www.vkusvill.ru;г. Москва, ул. Ленинская Слобода, д.19;2023-06-10 20:23:00;Кассир;2079.04
416;noreply@ofd.ru;vkusvill.ru;N/A;2023-06-10 20:23:00;Кассир;2079.04
417;noreply@ofd.ru;www.vkusvill.ru;г. Москва, ул. Ленинская Слобода, д.19;2023-06-14 16:39:00;Кассир;1199.01
418;noreply@ofd.ru;vkusvill.ru;N/A;2023-06-14 16:38:00;Кассир;1199.01
419;noreply@ofd.ru;www.vkusvill.ru;г. Москва, ул. Ленинская Слобода, д.19;2023-06-19 09:37:00;Кассир;1893.01
420;noreply@ofd.ru;vkusvill.ru;N/A;2023-06-19 09:36:00;Кассир;1893.01
421;noreply@ofd.ru;;N/A;;;0.00
422;noreply@ofd.ru;vkusvill.ru;N/A;2023-06-21 11:34:00;Кассир;1696.62
423;noreply@ofd.ru;www.vkusvill.ru;г. Москва, ул. Ленинская Слобода, д.19;2023-06-21 11:37:00;Кассир;1696.62
424;noreply@ofd.ru;vkusvill.ru;N/A;2023-06-23 09:27:00;Кассир;1562.89
425;noreply@ofd.ru;www.vkusvill.ru;г. Москва, ул. Ленинская Слобода, д.19;2023-06-23 09:28:00;Кассир;1562.89
426;noreply@ofd.ru;www.vkusvill.ru;г. Москва, ул. Ленинская Слобода, д.19;2023-07-04 11:26:00;Кассир;899.13
427;noreply@ofd.ru;vkusvill.ru;N/A;2023-07-04 11:27:00;Кассир;899.13
428;noreply@ofd.ru;www.vkusvill.ru;г. Москва, ул. Ленинская Слобода, д.19;2023-07-07 10:54:00;Кассир;1138.00
429;noreply@ofd.ru;vkusvill.ru;N/A;2023-07-07 10:54:00;Кассир;1138.00
430;noreply@ofd.ru;www.vkusvill.ru;г. Москва, ул. Ленинская Слобода, д.19;2023-07-11 11:03:00;Кассир;1184.56
431;noreply@ofd.ru;vkusvill.ru;N/A;2023-07-11 11:00:00;Кассир;1184.56
432;noreply@ofd.ru;vkusvill.ru;N/A;2023-07-12 14:36:00;Кассир;1303.00
433;noreply@ofd.ru;www.vkusvill.ru;г. Москва, ул. Ленинская Слобода, д.19;2023-07-12 15:25:00;Кассир;1303.00
434;noreply@ofd.ru;www.vkusvill.ru;г. Москва, ул. Ленинская Слобода, д.19;2023-07-14 20:08:00;Кассир;2340.35
435;noreply@ofd.ru;vkusvill.ru;N/A;2023-07-14 20:07:00;Кассир;2340.35
436;noreply@ofd.ru;vkusvill.ru;N/A;2023-07-18 11:11:00;Кассир;2059.46
437;noreply@ofd.ru;www.vkusvill.ru;г. Москва, ул. Ленинская Слобода, д.19;2023-07-18 11:13:00;Кассир;2059.46
438;noreply@ofd.ru;vkusvill.ru;N/A;2023-07-22 10:50:00;Кассир;2880.12
439;noreply@ofd.ru;www.vkusvill.ru;г. Москва, ул. Ленинская Слобода, д.19;2023-07-22 10:51:00;Кассир;2880.12
440;noreply@ofd.ru;www.vkusvill.ru;г. Москва, ул. Ленинская Слобода, д.19;2023-07-23 17:29:00;Кассир;1706.50
441;noreply@ofd.ru;vkusvill.ru;N/A;2023-07-23 17:28:00;Кассир;1706.50
442;noreply@ofd.ru;vkusvill.ru;N/A;2023-07-28 12:44:00;Кассир;3173.38
443;noreply@ofd.ru;www.vkusvill.ru;г. Москва, ул. Ленинская Слобода, д.19;2023-07-28 13:04:00;Кассир;3173.38
444;noreply@ofd.ru;vkusvill.ru;N/A;2023-07-30 14:41:00;Кассир;2669.52
445;noreply@ofd.ru;www.vkusvill.ru;г. Москва, ул. Ленинская Слобода, д.19;2023-07-30 14:45:00;Кассир;2669.52
446;noreply@ofd.ru;www.vkusvill.ru;г. Москва, ул. Ленинская Слобода, д.19;2023-08-02 08:29:00;Кассир;2524.34
447;noreply@ofd.ru;vkusvill.ru;N/A;2023-08-02 08:29:00;Кассир;2524.34
448;noreply@ofd.ru;vkusvill.ru;N/A;2023-08-04 12:31:00;Кассир;1854.55
449;noreply@ofd.ru;www.vkusvill.ru;г. Москва, ул. Ленинская Слобода, д.19;2023-08-04 13:10:00;Кассир;1854.55
450;noreply@ofd.ru;vkusvill.ru;N/A;2023-08-06 12:02:00;Кассир;2451.73
451;noreply@ofd.ru;www.vkusvill.ru;г. Москва, ул. Ленинская Слобода, д.19;2023-08-06 12:06:00;Кассир;2451.73
452;noreply@ofd.ru;vkusvill.ru;N/A;2023-08-14 14:44:00;Кассир;1753.42
453;noreply@ofd.ru;www.vkusvill.ru;г. Москва, ул. Ленинская Слобода, д.19;2023-08-14 15:23:00;Кассир;1753.42
454;noreply@ofd.ru;www.vkusvill.ru;г. Москва, ул. Ленинская Слобода, д.19;2023-08-16 20:42:00;Кассир;1947.27
455;noreply@ofd.ru;vkusvill.ru;N/A;2023-08-16 20:40:00;Кассир;1947.27
456;noreply@ofd.ru;vkusvill.ru;N/A;2023-08-17 10:18:00;Кассир;2773.56
457;noreply@ofd.ru;www.vkusvill.ru;г. Москва, ул. Ленинская Слобода, д.19;2023-08-17 10:30:00;Кассир;2773.56
458;noreply@ofd.ru;www.vkusvill.ru;г. Москва, ул. Ленинская Слобода, д.19;2023-08-23 12:42:00;Кассир;2007.20
459;noreply@ofd.ru;vkusvill.ru;N/A;2023-08-23 12:39:00;Кассир;2007.20
460;noreply@ofd.ru;www.vkusvill.ru;г. Москва, ул. Ленинская Слобода, д.19;2023-08-26 10:56:00;Кассир;1857.76
461;noreply@ofd.ru;vkusvill.ru;N/A;2023-08-26 10:55:00;Кассир;1857.76
462;noreply@ofd.ru;www.vkusvill.ru;г. Москва, ул. Ленинская Слобода, д.19;2023-08-29 17:24:00;Кассир;1897.19
463;noreply@ofd.ru;vkusvill.ru;N/A;2023-08-29 17:22:00;Кассир;1897.19
464;noreply@ofd.ru;www.vkusvill.ru;г. Москва, ул. Ленинская Слобода, д.19;2023-09-03 11:31:00;Кассир;2595.77
465;noreply@ofd.ru;vkusvill.ru;N/A;2023-09-03 11:31:00;Кассир;2595.77
466;noreply@ofd.ru;vkusvill.ru;N/A;2023-09-05 16:29:00;Кассир;1832.86
467;noreply@ofd.ru;www.vkusvill.ru;г. Москва, ул. Ленинская Слобода, д.19;2023-09-05 16:31:00;Кассир;1832.86
468;noreply@ofd.ru;vkusvill.ru;N/A;2023-09-11 12:02:00;Кассир;1254.21
469;noreply@ofd.ru;www.vkusvill.ru;г. Москва, ул. Ленинская Слобода, д.19;2023-09-11 12:02:00;Кассир;1254.21
470;noreply@ofd.ru;www.vkusvill.ru;г. Москва, ул. Ленинская Слобода, д.19;2023-09-14 11:41:00;Кассир;1729.38
471;noreply@ofd.ru;vkusvill.ru;N/A;2023-09-14 11:42:00;Кассир;1729.38
472;noreply@ofd.ru;www.vkusvill.ru;г. Москва, ул. Ленинская Слобода, д.19;2023-09-17 10:05:00;Кассир;1850.70
473;noreply@ofd.ru;vkusvill.ru;N/A;2023-09-17 12:42:00;Кассир;1850.70
474;noreply@ofd.ru;vkusvill.ru;N/A;2023-09-18 01:51:00;Кассир;1850.70
475;noreply@ofd.ru;www.vkusvill.ru;г. Москва, ул. Ленинская Слобода, д.19;2023-09-25 13:07:00;Кассир;1499.19
476;noreply@ofd.ru;vkusvill.ru;N/A;2023-09-25 13:06:00;Кассир;1499.19
477;noreply@ofd.ru;www.vkusvill.ru;г. Москва, ул. Ленинская Слобода, д.19;2023-09-29 10:41:00;Кассир;2025.16
478;noreply@ofd.ru;vkusvill.ru;N/A;2023-09-29 10:38:00;Кассир;2025.16
479;noreply@ofd.ru;www.vkusvill.ru;г. Москва, ул. Ленинская Слобода, д.19;2023-10-04 11:43:00;Кассир;2185.13
480;noreply@ofd.ru;vkusvill.ru;N/A;2023-10-04 11:42:00;Кассир;2185.13
481;noreply@ofd.ru;www.vkusvill.ru;г. Москва, ул. Ленинская Слобода, д.19;2023-10-08 15:30:00;Кассир;2899.05
482;noreply@ofd.ru;vkusvill.ru;N/A;2023-10-08 15:33:00;Кассир;2899.05
483;noreply@ofd.ru;www.vkusvill.ru;г. Москва, ул. Ленинская Слобода, д.19;2023-10-11 10:53:00;Кассир;2097.00
484;noreply@ofd.ru;vkusvill.ru;N/A;2023-10-11 10:52:00;Кассир;2097.00
485;noreply@ofd.ru;www.vkusvill.ru;г. Москва, ул. Ленинская Слобода, д.19;2023-10-16 20:58:00;Кассир;2192.55
486;noreply@ofd.ru;vkusvill.ru;N/A;2023-10-16 20:58:00;Кассир;2192.55
487;noreply@ofd.ru;vkusvill.ru;N/A;2023-10-20 14:12:00;Кассир;1359.08
488;noreply@ofd.ru;www.vkusvill.ru;г. Москва, ул. Ленинская Слобода, д.19;2023-10-20 14:12:00;Кассир;1359.08
489;noreply@ofd.ru;www.vkusvill.ru;г. Москва, ул. Ленинская Слобода, д.19;2023-10-26 10:29:00;Кассир;2282.48
490;noreply@ofd.ru;vkusvill.ru;N/A;2023-10-26 10:29:00;Кассир;2282.48
491;noreply@ofd.ru;www.vkusvill.ru;г. Москва, ул. Ленинская Слобода, д.19;2023-10-30 12:29:00;Кассир;1530.92
492;noreply@ofd.ru;vkusvill.ru;N/A;2023-10-30 12:29:00;Кассир;1530.92
493;noreply@ofd.ru;Магазин продуктов для здорового питания;197022, 78, Г.Санкт-Петербург, Большой П.С. проспект, дом 102, литера А;2023-11-06 14:45:00;АУР;388.00
494;noreply@ofd.ru;www.vkusvill.ru;г. Москва, ул. Ленинская Слобода, д.19;2023-11-07 10:12:00;Кассир;2466.85
495;noreply@ofd.ru;vkusvill.ru;N/A;2023-11-07 10:12:00;Кассир;2466.85
496;noreply@ofd.ru;vkusvill.ru;N/A;2023-11-10 09:41:00;Кассир;2033.28
497;noreply@ofd.ru;www.vkusvill.ru;г. Москва, ул. Ленинская Слобода, д.19;2023-11-10 09:41:00;Кассир;2033.28
498;noreply@ofd.ru;www.vkusvill.ru;г. Москва, ул. Ленинская Слобода, д.19;2023-11-13 09:15:00;Кассир;2720.98
499;noreply@ofd.ru;vkusvill.ru;N/A;2023-11-13 09:15:00;Кассир;2720.98
500;noreply@ofd.ru;vkusvill.ru;N/A;2023-11-15 12:09:00;Кассир;2775.02
501;noreply@ofd.ru;www.vkusvill.ru;г. Москва, ул. Ленинская Слобода, д.19;2023-11-15 12:10:00;Кассир;2775.02
502;noreply@ofd.ru;vkusvill.ru;N/A;2023-11-17 19:03:00;Кассир;2147.00
503;noreply@ofd.ru;www.vkusvill.ru;г. Москва, ул. Ленинская Слобода, д.19;2023-11-17 19:02:00;Кассир;2147.00
504;noreply@ofd.ru;vkusvill.ru;N/A;2023-11-21 13:05:00;Кассир;1508.29
505;noreply@ofd.ru;www.vkusvill.ru;г. Москва, ул. Ленинская Слобода, д.19;2023-11-21 13:06:00;Кассир;1508.29
506;noreply@ofd.ru;vkusvill.ru;N/A;2023-11-24 11:16:00;Кассир;1412.62
507;noreply@ofd.ru;www.vkusvill.ru;г. Москва, ул. Ленинская Слобода, д.19;2023-11-24 11:18:00;Кассир;1412.62
508;noreply@ofd.ru;www.vkusvill.ru;г. Москва, ул. Ленинская Слобода, д.19;2023-11-29 20:03:00;Кассир;3631.72
509;noreply@ofd.ru;vkusvill.ru;N/A;2023-11-29 20:01:00;Кассир;3631.72
510;noreply@ofd.ru;vkusvill.ru;N/A;2023-12-04 10:40:00;Кассир;1493.71
511;noreply@ofd.ru;www.vkusvill.ru;г. Москва, ул. Ленинская Слобода, д.19;2023-12-04 10:40:00;Кассир;1493.71
512;noreply@ofd.ru;www.vkusvill.ru;г. Москва, ул. Ленинская Слобода, д.19;2023-12-08 09:43:00;Кассир;2139.54
513;noreply@ofd.ru;vkusvill.ru;N/A;2023-12-08 09:43:00;Кассир;2139.54
514;noreply@ofd.ru;vkusvill.ru;N/A;2023-12-12 10:41:00;Кассир;2186.48
515;noreply@ofd.ru;www.vkusvill.ru;г. Москва, ул. Ленинская Слобода, д.19;2023-12-12 10:42:00;Кассир;2186.48
516;noreply@ofd.ru;vkusvill.ru;N/A;2023-12-14 10:35:00;Кассир;1375.98
517;noreply@ofd.ru;www.vkusvill.ru;г. Москва, ул. Ленинская Слобода, д.19;2023-12-14 10:38:00;Кассир;1375.98
518;noreply@ofd.ru;vkusvill.ru;N/A;2023-12-18 16:00:00;Кассир;1630.51
519;noreply@ofd.ru;www.vkusvill.ru;г. Москва, ул. Ленинская Слобода, д.19;2023-12-18 15:59:00;Кассир;1630.51
520;noreply@ofd.ru;www.vkusvill.ru;г. Москва, ул. Ленинская Слобода, д.19;2023-12-23 20:37:00;Кассир;3897.04
521;noreply@ofd.ru;vkusvill.ru;N/A;2023-12-23 20:37:00;Кассир;3897.04
522;noreply@ofd.ru;www.vkusvill.ru;г. Москва, ул. Ленинская Слобода, д.19;2023-12-26 11:45:00;Кассир;2060.70
523;noreply@ofd.ru;vkusvill.ru;N/A;2023-12-26 11:45:00;Кассир;2060.70
524;noreply@ofd.ru;www.vkusvill.ru;г. Москва, ул. Ленинская Слобода, д.19;2023-12-27 11:52:00;Кассир;2078.86
525;noreply@ofd.ru;vkusvill.ru;N/A;2023-12-27 11:51:00;Кассир;2078.86
526;noreply@ofd.ru;;N/A;;;0.00
527;noreply@ofd.ru;vkusvill.ru;N/A;2023-12-30 10:57:00;Кассир;3152.48
528;noreply@ofd.ru;www.vkusvill.ru;г. Москва, ул. Ленинская Слобода, д.19;2023-12-30 11:41:00;Кассир;3152.48
529;noreply@ofd.ru;vkusvill.ru;N/A;2024-01-04 12:17:00;Кассир;1390.07
530;noreply@ofd.ru;www.vkusvill.ru;г. Москва, ул. Ленинская Слобода, д.19;2024-01-04 12:17:00;Кассир;1390.07
531;noreply@ofd.ru;www.vkusvill.ru;г. Москва, ул. Ленинская Слобода, д.19;2024-01-07 09:51:00;Кассир;1774.25
532;noreply@ofd.ru;vkusvill.ru;N/A;2024-01-07 09:50:00;Кассир;1774.25
533;noreply@ofd.ru;vkusvill.ru;N/A;2024-01-10 10:58:00;Кассир;3801.48
534;noreply@ofd.ru;www.vkusvill.ru;г. Москва, ул. Ленинская Слобода, д.19;2024-01-10 10:59:00;Кассир;3801.48
535;noreply@ofd.ru;www.vkusvill.ru;г. Москва, ул. Ленинская Слобода, д.19;2024-01-14 10:21:00;Кассир;2661.04
536;noreply@ofd.ru;vkusvill.ru;N/A;2024-01-14 10:19:00;Кассир;2661.04
537;noreply@ofd.ru;www.vkusvill.ru;г. Москва, ул. Ленинская Слобода, д.19;2024-01-17 10:33:00;Кассир;1996.80
538;noreply@ofd.ru;vkusvill.ru;N/A;2024-01-17 10:33:00;Кассир;1996.80
539;noreply@ofd.ru;www.vkusvill.ru;г. Москва, ул. Ленинская Слобода, д.19;2024-01-20 19:53:00;Кассир;2989.29
540;noreply@ofd.ru;vkusvill.ru;N/A;2024-01-20 19:53:00;Кассир;2989.29
541;noreply@ofd.ru;www.vkusvill.ru;г. Москва, ул. Ленинская Слобода, д.19;2024-01-25 10:50:00;Кассир;3014.03
542;noreply@ofd.ru;vkusvill.ru;N/A;2024-01-25 10:50:00;Кассир;3014.03
543;noreply@ofd.ru;vkusvill.ru;N/A;2024-01-30 11:41:00;Кассир;2312.23
544;noreply@ofd.ru;www.vkusvill.ru;г. Москва, ул. Ленинская Слобода, д.19;2024-01-30 11:42:00;Кассир;2312.23
545;noreply@ofd.ru;www.vkusvill.ru;г. Москва, ул. Ленинская Слобода, д.19;2024-02-04 13:10:00;Кассир;2854.75
546;noreply@ofd.ru;vkusvill.ru;N/A;2024-02-04 13:08:00;Кассир;2854.75
547;echeck@1-ofd.ru;117574 Москва, р-н Ясенево, Новоясеневский пр-кт, д.1, к.2;N/A;2024-02-07 09:12:00;Кассир: Никитянина Ольга Александровна;145,08
548;noreply@ofd.ru;www.vkusvill.ru;г. Москва, ул. Ленинская Слобода, д.19;2024-02-07 11:08:00;Кассир;3036.54
549;noreply@ofd.ru;vkusvill.ru;N/A;2024-02-07 11:07:00;Кассир;3036.54
550;echeck@1-ofd.ru;117574 Москва, р-н Ясенево, Новоясеневский пр-кт, д.1, к.2;N/A;2024-02-08 09:09:00;Кассир: АУР;71,96
551;echeck@1-ofd.ru;115569, г Москва, Орехово-Борисово Северное р-н, ул Маршала Захарова, д 2;N/A;2024-02-09 20:19:00;Кассир: АУР;2 149,74
552;noreply@ofd.ru;www.vkusvill.ru;г. Москва, ул. Ленинская Слобода, д.19;2024-02-10 09:24:00;Кассир;3421.06
553;noreply@ofd.ru;vkusvill.ru;N/A;2024-02-10 09:22:00;Кассир;3421.06
554;echeck@1-ofd.ru;117574 Москва, р-н Ясенево, Новоясеневский пр-кт, д.1, к.2;N/A;2024-02-12 09:03:00;Кассир: АУР;578,00
555;echeck@1-ofd.ru;117574 Москва, р-н Ясенево, Новоясеневский пр-кт, д.1, к.2;N/A;2024-02-13 09:09:00;Кассир: АУР;413,00
556;echeck@1-ofd.ru;117574 Москва, р-н Ясенево, Новоясеневский пр-кт, д.1, к.2;N/A;2024-02-14 08:53:00;Кассир: АУР;100,42
557;noreply@ofd.ru;vkusvill.ru;N/A;2024-02-14 11:02:00;Кассир;2669.46
558;noreply@ofd.ru;www.vkusvill.ru;г. Москва, ул. Ленинская Слобода, д.19;2024-02-14 11:03:00;Кассир;2669.46
559;echeck@1-ofd.ru;117574 Москва, р-н Ясенево, Новоясеневский пр-кт, д.1, к.2;N/A;2024-02-15 09:12:00;Кассир: АУР;123,07
560;echeck@1-ofd.ru;115409, Москва, р-н Москворечье-Сабурово, Каширское ш., д. 40, к. 2;N/A;2024-02-15 19:39:00;Кассир: АУР;532,78
561;noreply@ofd.ru;www.vkusvill.ru;г. Москва, ул. Ленинская Слобода, д.19;2024-02-17 19:48:00;Кассир;2644.39
562;noreply@ofd.ru;vkusvill.ru;N/A;2024-02-17 19:47:00;Кассир;2644.39
563;noreply@ofd.ru;www.vkusvill.ru;г. Москва, ул. Ленинская Слобода, д.19;2024-02-18 14:52:00;Кассир;3250.68
564;noreply@ofd.ru;vkusvill.ru;N/A;2024-02-18 14:48:00;Кассир;3250.68
565;echeck@1-ofd.ru;117574 Москва, р-н Ясенево, Новоясеневский пр-кт, д.1, к.2;N/A;2024-02-19 09:03:00;Кассир: АУР;104,00
566;noreply@ofd.ru;www.vkusvill.ru;г. Москва, ул. Ленинская Слобода, д.19;2024-02-20 16:09:00;Кассир;2202.32
567;noreply@ofd.ru;https://vkusvill.ru/;N/A;2024-02-20 16:07:00;Кассир;2202.32
568;echeck@1-ofd.ru;117574, г. Москва, Новоясеневский пр-кт, д. 1, к. 2;N/A;2024-02-21 08:37:00;Кассир: АУР;484,87
569;echeck@1-ofd.ru;117574 Москва, р-н Ясенево, Новоясеневский пр-кт, д.1, к.2;N/A;2024-02-22 09:01:00;Кассир: АУР;105,90
570;echeck@1-ofd.ru;156005, г. Кострома, ул. Ивана Сусанина, д.41;N/A;2024-02-24 20:40:00;Кассир: АУР;566,70
571;echeck@1-ofd.ru;115522, г Москва, р-н Москворечье-Сабурово, Каширское шоссе, д 26 к 2;N/A;2024-02-25 12:07:00;Кассир: АУР;962,97
572;noreply@ofd.ru;www.vkusvill.ru;г. Москва, ул. Ленинская Слобода, д.19;2024-02-25 15:13:00;Кассир;2223.08
573;noreply@ofd.ru;https://vkusvill.ru/;N/A;2024-02-25 15:09:00;Кассир;2223.08
574;echeck@1-ofd.ru;117574, г. Москва, Новоясеневский пр-кт, д. 1, к. 2;N/A;2024-02-26 08:29:00;Кассир: АУР;337,00
575;echeck@1-ofd.ru;117574 Москва, р-н Ясенево, Новоясеневский пр-кт, д.1, к.2;N/A;2024-02-27 09:00:00;Кассир: АУР;285,00
576;echeck@1-ofd.ru;117574 Москва, р-н Ясенево, Новоясеневский пр-кт, д.1, к.2;N/A;2024-02-28 09:14:00;Кассир: АУР;132,71
577;noreply@ofd.ru;www.vkusvill.ru;г. Москва, ул. Ленинская Слобода, д.19;2024-02-28 14:54:00;Кассир;1257.71
578;noreply@ofd.ru;https://vkusvill.ru/;N/A;2024-02-28 14:52:00;Кассир;1257.71
579;echeck@1-ofd.ru;117574 Москва, р-н Ясенево, Новоясеневский пр-кт, д.1, к.2;N/A;2024-02-29 08:58:00;Кассир: АУР;91,33
580;echeck@1-ofd.ru;115522, г Москва, р-н Москворечье-Сабурово, Каширское шоссе, д 26 к 2;N/A;2024-02-29 19:36:00;Кассир: Курочкина Светлана Александровна;559,80
581;echeck@1-ofd.ru;115569 Москва, р-н Орехово-Борисово Северное, ул.Маршала Захарова, д.16, к.2;N/A;2024-03-02 15:04:00;Кассир: Абдимажитова Гулиза Илиязовна;1 493,13
582;echeck@1-ofd.ru;115569, г Москва, Орехово-Борисово Северное р-н, ул Маршала Захарова, д 2;N/A;2024-03-02 15:13:00;Кассир: АУР;90,06
583;noreply@ofd.ru;www.vkusvill.ru;г. Москва, ул. Ленинская Слобода, д.19;2024-03-03 15:54:00;Кассир;2569.02
584;noreply@ofd.ru;https://vkusvill.ru/;N/A;2024-03-03 15:52:00;Кассир;2569.02
585;echeck@1-ofd.ru;117574 Москва, р-н Ясенево, Новоясеневский пр-кт, д.1, к.2;N/A;2024-03-04 08:59:00;Кассир: АУР;37,00
586;echeck@1-ofd.ru;117574 Москва, р-н Ясенево, Новоясеневский пр-кт, д.1, к.2;N/A;2024-03-05 09:05:00;Кассир: АУР;37,00
587;echeck@1-ofd.ru;117574, г. Москва, Новоясеневский пр-кт, д. 1, к. 2;N/A;2024-03-05 17:52:00;Кассир: АУР;80,00
588;echeck@1-ofd.ru;117574 Москва, р-н Ясенево, Новоясеневский пр-кт, д.1, к.2;N/A;2024-03-06 08:57:00;Кассир: АУР;37,00
589;noreply@ofd.ru;www.vkusvill.ru;г. Москва, ул. Ленинская Слобода, д.19;2024-03-06 09:25:00;Кассир;1852.60
590;noreply@ofd.ru;https://vkusvill.ru/;N/A;2024-03-06 09:22:00;Кассир;1852.60
591;noreply@ofd.ru;https://vkusvill.ru/;N/A;2024-03-16 13:30:00;Кассир;3066.26
592;noreply@ofd.ru;www.vkusvill.ru;г. Москва, ул. Ленинская Слобода, д.19;2024-03-16 13:35:00;Кассир;3066.26
593;echeck@1-ofd.ru;117574, г. Москва, Новоясеневский пр-кт, д. 1, к. 2;N/A;2024-03-18 08:26:00;Кассир: АУР;386,00
594;echeck@1-ofd.ru;117574 Москва, р-н Ясенево, Новоясеневский пр-кт, д.1, к.2;N/A;2024-03-19 08:58:00;Кассир: АУР;37,00
595;echeck@1-ofd.ru;117574 Москва, р-н Ясенево, Новоясеневский пр-кт, д.1, к.2;N/A;2024-03-20 09:10:00;Кассир: АУР;152,29
596;noreply@ofd.ru;www.vkusvill.ru;г. Москва, ул. Ленинская Слобода, д.19;2024-03-20 09:53:00;Кассир;2047.83
597;noreply@ofd.ru;https://vkusvill.ru/;N/A;2024-03-20 09:52:00;Кассир;2047.83
598;echeck@1-ofd.ru;117574, г. Москва, Новоясеневский пр-кт, д. 1, к. 2;N/A;2024-03-21 08:28:00;Кассир: АУР;154,04
599;echeck@1-ofd.ru;115522, г Москва, р-н Москворечье-Сабурово, Каширское шоссе, д 26 к 2;N/A;2024-03-21 15:28:00;Кассир: Абдирасулова Бегимай Абдирасуловна;468,00
600;noreply@ofd.ru;https://vkusvill.ru/;N/A;2024-03-22 09:50:00;Кассир;2603.38
601;noreply@ofd.ru;www.vkusvill.ru;г. Москва, ул. Ленинская Слобода, д.19;2024-03-22 09:51:00;Кассир;2603.38
602;echeck@1-ofd.ru;115551, г. Москва, Шипиловский пр-зд, д. 39 к 2;N/A;2024-03-23 16:05:00;Кассир: АУР;673,00
603;echeck@1-ofd.ru;115569, г Москва, Орехово-Борисово Северное р-н, ул Маршала Захарова, д 2;N/A;2024-03-23 20:09:00;Кассир: АУР;435,79
604;echeck@1-ofd.ru;117574 Москва, р-н Ясенево, Новоясеневский пр-кт, д.1, к.2;N/A;2024-03-25 08:51:00;Кассир: АУР;452,00
605;noreply@ofd.ru;https://vkusvill.ru/;N/A;2024-03-25 14:44:00;Кассир;1333.32
606;noreply@ofd.ru;www.vkusvill.ru;г. Москва, ул. Ленинская Слобода, д.19;2024-03-25 14:48:00;Кассир;1333.32
607;echeck@1-ofd.ru;117574 Москва, р-н Ясенево, Новоясеневский пр-кт, д.1, к.2;N/A;2024-03-26 08:49:00;Кассир: АУР;37,00
608;echeck@1-ofd.ru;117574 Москва, р-н Ясенево, Новоясеневский пр-кт, д.1, к.2;N/A;2024-03-27 09:05:00;Кассир: АУР;78,97
609;noreply@ofd.ru;www.vkusvill.ru;г. Москва, ул. Ленинская Слобода, д.19;2024-03-27 17:21:00;Кассир;1925.57
610;noreply@ofd.ru;https://vkusvill.ru/;N/A;2024-03-27 17:20:00;Кассир;1925.57
611;echeck@1-ofd.ru;117574 Москва, р-н Ясенево, Новоясеневский пр-кт, д.1, к.2;N/A;2024-03-28 09:04:00;Кассир: АУР;304,92
612;noreply@ofd.ru;https://vkusvill.ru/;N/A;2024-03-29 18:54:00;Кассир;2693.30
613;noreply@ofd.ru;www.vkusvill.ru;г. Москва, ул. Ленинская Слобода, д.19;2024-03-29 18:56:00;Кассир;2693.30
614;echeck@1-ofd.ru;115569, г Москва, Орехово-Борисово Северное р-н, ул Маршала Захарова, д 2;N/A;2024-03-31 16:01:00;Кассир: АУР;252,00
615;echeck@1-ofd.ru;117574 Москва, р-н Ясенево, Новоясеневский пр-кт, д.1, к.2;N/A;2024-04-01 08:59:00;Кассир: АУР;37,00
616;noreply@ofd.ru;https://vkusvill.ru/;N/A;2024-04-01 11:58:00;Кассир;1736.01
617;noreply@ofd.ru;www.vkusvill.ru;г. Москва, ул. Ленинская Слобода, д.19;2024-04-01 12:48:00;Кассир;1736.01
618;echeck@1-ofd.ru;117574 Москва, р-н Ясенево, Новоясеневский пр-кт, д.1, к.2;N/A;2024-04-02 09:08:00;Кассир: АУР;772,00
619;echeck@1-ofd.ru;117574 Москва, р-н Ясенево, Новоясеневский пр-кт, д.1, к.2;N/A;2024-04-03 08:58:00;Кассир: АУР;156,00
620;echeck@1-ofd.ru;117574 Москва, р-н Ясенево, Новоясеневский пр-кт, д.1, к.2;N/A;2024-04-04 09:00:00;Кассир: АУР;82,50
621;noreply@ofd.ru;www.vkusvill.ru;г. Москва, ул. Ленинская Слобода, д.19;2024-04-04 10:33:00;Кассир;1898.80
622;noreply@ofd.ru;https://vkusvill.ru/;N/A;2024-04-04 10:32:00;Кассир;1898.80
623;echeck@1-ofd.ru;115569, г Москва, Орехово-Борисово Северное р-н, ул Маршала Захарова, д 2;N/A;2024-04-06 13:59:00;Кассир: АУР;977,94
624;noreply@ofd.ru;https://vkusvill.ru/;N/A;2024-04-06 14:58:00;Кассир;3948.19
625;noreply@ofd.ru;www.vkusvill.ru;г. Москва, ул. Ленинская Слобода, д.19;2024-04-06 15:01:00;Кассир;3948.19
626;noreply@ofd.ru;https://vkusvill.ru/;N/A;2024-04-09 10:19:00;Кассир;2186.18
627;noreply@ofd.ru;www.vkusvill.ru;г. Москва, ул. Ленинская Слобода, д.19;2024-04-09 10:23:00;Кассир;2186.18
628;echeck@1-ofd.ru;117574 Москва, р-н Ясенево, Новоясеневский пр-кт, д.1, к.2;N/A;2024-04-11 08:54:00;Кассир: АУР;388,13
629;echeck@1-ofd.ru;115569, г Москва, Орехово-Борисово Северное р-н, ул Маршала Захарова, д 2;N/A;2024-04-11 19:00:00;Кассир: АУР;531,00
630;echeck@1-ofd.ru;115569, г Москва, Орехово-Борисово Северное р-н, ул Маршала Захарова, д 2;N/A;2024-04-12 18:46:00;Кассир: АУР;555,30
631;echeck@1-ofd.ru;111024 Москва, р-н Лефортово, ул.Авиамоторная, д.47;N/A;2024-04-13 14:57:00;Кассир: АУР;208,80
632;noreply@ofd.ru;https://vkusvill.ru/;N/A;2024-04-13 19:29:00;Кассир;4104.11
633;noreply@ofd.ru;www.vkusvill.ru;г. Москва, ул. Ленинская Слобода, д.19;2024-04-13 19:35:00;Кассир;4104.11
634;echeck@1-ofd.ru;117574 Москва, р-н Ясенево, Новоясеневский пр-кт, д.1, к.2;N/A;2024-04-15 08:56:00;Кассир: АУР;67,00
635;noreply@ofd.ru;https://vkusvill.ru/;N/A;2024-04-16 11:29:00;Кассир;2305.70
636;noreply@ofd.ru;www.vkusvill.ru;г. Москва, ул. Ленинская Слобода, д.19;2024-04-16 11:58:00;Кассир;2305.70
637;echeck@1-ofd.ru;117574 Москва, р-н Ясенево, Новоясеневский пр-кт, д.1, к.2;N/A;2024-04-18 08:58:00;Кассир: АУР;193,38
638;echeck@1-ofd.ru;115569, г Москва, Орехово-Борисово Северное р-н, ул Маршала Захарова, д 2;N/A;2024-04-18 19:37:00;Кассир: АУР;684,00
639;noreply@ofd.ru;www.vkusvill.ru;г. Москва, ул. Ленинская Слобода, д.19;2024-04-19 14:28:00;Кассир;2109.07
640;noreply@ofd.ru;https://vkusvill.ru/;N/A;2024-04-19 14:24:00;Кассир;2109.07
641;noreply@ofd.ru;www.vkusvill.ru;г. Москва, ул. Ленинская Слобода, д.19;2024-04-20 10:54:00;Кассир;2097.08
642;noreply@ofd.ru;https://vkusvill.ru/;N/A;2024-04-20 10:54:00;Кассир;2097.08
643;echeck@1-ofd.ru;115522, г Москва, р-н Москворечье-Сабурово, Каширское шоссе, д 26 к 2;N/A;2024-04-20 16:12:00;Кассир: АУР;228,00
644;noreply@ofd.ru;www.vkusvill.ru;г. Москва, ул. Ленинская Слобода, д.19;2024-04-21 15:26:00;Кассир;798.00
645;noreply@ofd.ru;https://vkusvill.ru/;N/A;2024-04-21 15:24:00;Кассир;798.00
646;echeck@1-ofd.ru;117574, г. Москва, Новоясеневский пр-кт, д. 1, к. 2;N/A;2024-04-22 08:31:00;Кассир: АУР;254,00
647;echeck@1-ofd.ru;117574 Москва, р-н Ясенево, Новоясеневский пр-кт, д.1, к.2;N/A;2024-04-23 08:59:00;Кассир: АУР;515,00
648;noreply@ofd.ru;www.vkusvill.ru;г. Москва, ул. Ленинская Слобода, д.19;2024-04-24 10:12:00;Кассир;1846.34
649;noreply@ofd.ru;https://vkusvill.ru/;N/A;2024-04-24 10:11:00;Кассир;1846.34
650;echeck@1-ofd.ru;117574 Москва, р-н Ясенево, Новоясеневский пр-кт, д.1, к.2;N/A;2024-04-25 09:06:00;Кассир: АУР;221,92
651;echeck@1-ofd.ru;115569, г Москва, Орехово-Борисово Северное р-н, ул Маршала Захарова, д 2;N/A;2024-04-25 21:17:00;Кассир: Бараненкова Елена Александровна;1 795,50
652;noreply@ofd.ru;www.vkusvill.ru;г. Москва, ул. Ленинская Слобода, д.19;2024-04-27 09:12:00;Кассир;2985.62
653;noreply@ofd.ru;https://vkusvill.ru/;N/A;2024-04-27 09:08:00;Кассир;2985.62
654;noreply@ofd.ru;https://vkusvill.ru/;N/A;2024-04-28 16:01:00;Кассир;2745.61
655;noreply@ofd.ru;www.vkusvill.ru;г. Москва, ул. Ленинская Слобода, д.19;2024-04-28 16:13:00;Кассир;2745.61
656;noreply@ofd.ru;https://vkusvill.ru/;N/A;2024-04-30 17:52:00;Кассир;2967.76
657;noreply@ofd.ru;www.vkusvill.ru;г. Москва, ул. Ленинская Слобода, д.19;2024-04-30 17:54:00;Кассир;2967.76
658;echeck@1-ofd.ru;115409 Москва, р-н Москворечье-Сабурово, Каширское ш., д.40, к.2;N/A;2024-05-01 17:09:00;Кассир: АУР;268,88
659;echeck@1-ofd.ru;117574 Москва, р-н Ясенево, Новоясеневский пр-кт, д.1, к.2;N/A;2024-05-02 09:04:00;Кассир: Апаршина Евгения Викторовна;291,40
660;noreply@ofd.ru;https://vkusvill.ru/;N/A;2024-05-03 11:44:00;Кассир;3090.09
661;noreply@ofd.ru;www.vkusvill.ru;г. Москва, ул. Ленинская Слобода, д.19;2024-05-03 12:05:00;Кассир;3090.09
662;echeck@1-ofd.ru;115569, г Москва, Орехово-Борисово Северное р-н, ул Маршала Захарова, д 2;N/A;2024-05-04 13:37:00;Кассир: АУР;1 669,00
663;echeck@1-ofd.ru;115211, г. Москва, ул. Борисовские пруды, д. 12, к.1;N/A;2024-05-05 15:40:00;Кассир: АУР;164,55
664;echeck@1-ofd.ru;115569, г Москва, Орехово-Борисово Северное р-н, ул Маршала Захарова, д 2;N/A;2024-05-06 18:40:00;Кассир: АУР;549,40
665;noreply@ofd.ru;www.vkusvill.ru;г. Москва, ул. Ленинская Слобода, д.19;2024-05-09 10:56:00;Кассир;1747.56
666;noreply@ofd.ru;https://vkusvill.ru/;N/A;2024-05-09 10:54:00;Кассир;1747.56
667;echeck@1-ofd.ru;109548 г. Москва ул. Шоссейная, д. 2, к. 3;N/A;2024-05-10 15:38:00;Кассир: Егорова Александра Александровна;605,00
668;echeck@1-ofd.ru;109548 г. Москва, ул. Шоссейная, д. 2, к. 3;N/A;2024-05-10 15:47:00;Кассир: АУР;763,00
669;echeck@1-ofd.ru;115569, г Москва, Орехово-Борисово Северное р-н, ул Маршала Захарова, д 2;N/A;2024-05-11 20:18:00;Кассир: АУР;396,40
670;noreply@ofd.ru;https://vkusvill.ru/;N/A;2024-05-12 14:39:00;Кассир;1656.63
671;noreply@ofd.ru;www.vkusvill.ru;г. Москва, ул. Ленинская Слобода, д.19;2024-05-12 14:42:00;Кассир;1656.63
672;echeck@1-ofd.ru;117574 Москва, р-н Ясенево, Новоясеневский пр-кт, д.1, к.2;N/A;2024-05-13 08:59:00;Кассир: АУР;195,00
673;echeck@1-ofd.ru;117574 Москва, р-н Ясенево, Новоясеневский пр-кт, д.1, к.2;N/A;2024-05-14 09:03:00;Кассир: АУР;415,00
674;noreply@ofd.ru;https://vkusvill.ru/;N/A;2024-05-15 10:14:00;Кассир;1948.51
675;noreply@ofd.ru;www.vkusvill.ru;г. Москва, ул. Ленинская Слобода, д.19;2024-05-15 10:25:00;Кассир;1948.51
676;echeck@1-ofd.ru;117574 Москва, р-н Ясенево, Новоясеневский пр-кт, д.1, к.2;N/A;2024-05-16 09:02:00;Кассир: АУР;590,00
677;echeck@1-ofd.ru;115409 Москва, р-н Москворечье-Сабурово, Каширское ш., д.40, к.2;N/A;2024-05-17 18:59:00;Кассир: АУР;426.97
678;echeck@1-ofd.ru;115569, г Москва, Орехово-Борисово Северное р-н, ул Маршала Захарова, д 2;N/A;2024-05-17 19:44:00;Кассир: АУР;717.00
679;echeck@1-ofd.ru;109004, г Москва, Таганский р-н, Большой Факельный пер, д 3 стр 2;N/A;2024-05-18 17:33:00;Кассир: АУР;131.00
680;echeck@1-ofd.ru;109147 Москва, Таганский р-н, ул.Таганская, д.26, стр.1;N/A;2024-05-18 17:00:00;Кассир: АУР;344.00
681;echeck@1-ofd.ru;115522, г Москва, р-н Москворечье-Сабурово, Каширское шоссе, д 26 к 2;N/A;2024-05-19 12:41:00;Кассир: АУР;449.00
682;noreply@ofd.ru;https://vkusvill.ru/;N/A;2024-05-20 19:42:00;Кассир;2070.09
683;noreply@ofd.ru;www.vkusvill.ru;г. Москва, ул. Ленинская Слобода, д.19;2024-05-20 19:45:00;Кассир;2070.09
684;echeck@1-ofd.ru;117574 Москва, р-н Ясенево, Новоясеневский пр-кт, д.1, к.2;N/A;2024-05-21 09:01:00;Кассир: АУР;350.00
685;echeck@1-ofd.ru;117574 Москва, р-н Ясенево, Новоясеневский пр-кт, д.1, к.2;N/A;2024-05-23 09:04:00;Кассир: АУР;377.24
686;noreply@ofd.ru;www.vkusvill.ru;г. Москва, ул. Ленинская Слобода, д.19;2024-05-23 13:13:00;Кассир;1324.72
687;noreply@ofd.ru;https://vkusvill.ru/;N/A;2024-05-23 13:13:00;Кассир;1324.72
688;echeck@1-ofd.ru;115522, г Москва, р-н Москворечье-Сабурово, Каширское шоссе, д 26 к 2;N/A;2024-05-25 13:32:00;Кассир: АУР;167.00
689;echeck@1-ofd.ru;119019 Москва. ул. Арбат 1;N/A;2024-05-25 14:46:00;Кассир: Атабекова Мария Абдразаковна;179.00
690;noreply@ofd.ru;https://vkusvill.ru/;N/A;2024-05-25 17:38:00;Кассир;3665.37
691;noreply@ofd.ru;www.vkusvill.ru;г. Москва, ул. Ленинская Слобода, д.19;2024-05-25 17:41:00;Кассир;3665.37
692;echeck@1-ofd.ru;117574 Москва, р-н Ясенево, Новоясеневский пр-кт, д.1, к.2;N/A;2024-05-27 12:01:00;Кассир: АУР;196.00
693;noreply@ofd.ru;www.vkusvill.ru;г. Москва, ул. Ленинская Слобода, д.19;2024-05-28 11:27:00;Кассир;3560.18
694;noreply@ofd.ru;https://vkusvill.ru/;N/A;2024-05-28 11:25:00;Кассир;3560.18
695;echeck@1-ofd.ru;115551, г. Москва, Шипиловский пр-зд, д. 39 к 2;N/A;2024-05-28 19:28:00;Кассир: Локтева Нина Николаевна;232.00
696;echeck@1-ofd.ru;117574 Москва, р-н Ясенево, Новоясеневский пр-кт, д.1, к.2;N/A;2024-05-29 13:52:00;Кассир: АУР;316.00
697;echeck@1-ofd.ru;115569, г Москва, Орехово-Борисово Северное р-н, ул Маршала Захарова, д 2;N/A;2024-05-29 18:52:00;Кассир: АУР;522.00
698;echeck@1-ofd.ru;117574, г. Москва, Новоясеневский пр-кт, д. 1, к. 2;N/A;2024-05-30 09:15:00;Кассир: АУР;355.69
699;echeck@1-ofd.ru;115522, г Москва, р-н Москворечье-Сабурово, Каширское шоссе, д 26 к 2;N/A;2024-05-30 19:00:00;Кассир: Макерина Регина Анатольевна;70.00
700;echeck@1-ofd.ru;115569, г Москва, Орехово-Борисово Северное р-н, ул Маршала Захарова, д 2;N/A;2024-05-31 20:29:00;Кассир: Куруева Арювжан Расуловна;1376.72
701;echeck@1-ofd.ru;115522, г Москва, р-н Москворечье-Сабурово, Каширское шоссе, д 26 к 2;N/A;2024-06-01 18:16:00;Кассир: АУР;33.30
702;echeck@1-ofd.ru;115522, г Москва, р-н Москворечье-Сабурово, Каширское шоссе, д 26 к 2;N/A;2024-06-01 21:58:00;Кассир: АУР;63.00
703;echeck@1-ofd.ru;115569, г Москва, Орехово-Борисово Северное р-н, ул Маршала Захарова, д 2;N/A;2024-06-02 11:57:00;Кассир: АУР;1163.70
704;echeck@1-ofd.ru;115569, г Москва, Орехово-Борисово Северное р-н, ул Маршала Захарова, д 2;N/A;2024-05-14 19:15:00;Кассир: АУР;424.00
705;noreply@ofd.ru;www.vkusvill.ru;г. Москва, ул. Ленинская Слобода, д.19;2024-06-04 20:45:00;Кассир;704.70
706;noreply@ofd.ru;https://vkusvill.ru/;N/A;2024-06-04 20:43:00;Кассир;704.70
707;echeck@1-ofd.ru;117574 Москва, р-н Ясенево, Новоясеневский пр-кт, д.1, к.2;N/A;2024-06-05 09:02:00;Кассир: АУР;156.00
708;echeck@1-ofd.ru;117574 Москва, р-н Ясенево, Новоясеневский пр-кт, д.1, к.2;N/A;2024-06-06 09:05:00;Кассир: АУР;433.00
709;echeck@1-ofd.ru;115569, г Москва, Орехово-Борисово Северное р-н, ул Маршала Захарова, д 2;N/A;2024-06-06 20:29:00;Кассир: АУР;210.60
710;noreply@ofd.ru;www.vkusvill.ru;г. Москва, ул. Ленинская Слобода, д.19;2024-06-06 21:24:00;Кассир;2655.16
711;noreply@ofd.ru;https://vkusvill.ru/;N/A;2024-06-06 21:21:00;Кассир;2655.16
712;echeck@1-ofd.ru;163000, г. Архангельск,ул. Воскресенская , д. 6;N/A;2024-06-12 10:19:00;Кассир: Шабунина Надежда Васильевна;312.00
713;echeck@1-ofd.ru;115569, г Москва, Орехово-Борисово Северное р-н, ул Маршала Захарова, д 2;N/A;2024-06-04 18:42:00;Кассир: АУР;905.40
714;echeck@1-ofd.ru;163000, г. Архангельск,ул. Воскресенская , д. 6;N/A;2024-06-13 19:45:00;Кассир: АУР;201.60
715;noreply@ofd.ru;Магазин продуктов для здорового питания;190005, 78, Г.Санкт-Петербург, Московский проспект, дом 49, литера А;2024-06-14 20:45:00;АУР;147.13
716;noreply@ofd.ru;Магазин продуктов для здорового питания;190013, 78, Г.Санкт-Петербург, Московский проспект, дом 36, литера А;2024-06-15 20:25:00;АУР;569.30
717;noreply@ofd.ru;Магазин продуктов для здорового питания;190013, 78, Г. Санкт-Петербург, пр-кт Московский, д. 36, литера А;2024-06-17 08:54:00;АУР;312.30
718;echeck@1-ofd.ru;115522, г Москва, р-н Москворечье-Сабурово, Каширское шоссе, д 26 к 2;N/A;2024-06-17 16:22:00;Кассир: АУР;706.21
719;echeck@1-ofd.ru;115522, г Москва, р-н Москворечье-Сабурово, Каширское шоссе, д 26 к 2;N/A;2024-06-17 16:24:00;Кассир: Макерина Регина Анатольевна;449.60
720;noreply@ofd.ru;https://vkusvill.ru/;N/A;2024-06-18 11:22:00;Кассир;1973.98
721;noreply@ofd.ru;www.vkusvill.ru;г. Москва, ул. Ленинская Слобода, д.19;2024-06-18 11:22:00;Кассир;1973.98
722;echeck@1-ofd.ru;115569, г Москва, Орехово-Борисово Северное р-н, ул Маршала Захарова, д 2;N/A;2024-06-18 19:31:00;Кассир: АУР;700.34
723;echeck@1-ofd.ru;115522, г Москва, р-н Москворечье-Сабурово, Каширское шоссе, д 26 к 2;N/A;2024-06-24 10:05:00;Кассир: АУР;817.86
724;noreply@ofd.ru;https://vkusvill.ru/;N/A;2024-06-24 15:37:00;Кассир;2102.86
725;noreply@ofd.ru;www.vkusvill.ru;г. Москва, ул. Ленинская Слобода, д.19;2024-06-24 15:41:00;Кассир;2102.86
726;echeck@1-ofd.ru;117574 Москва, р-н Ясенево, Новоясеневский пр-кт, д.1, к.2;N/A;2024-06-25 09:02:00;Кассир: АУР;305.00
727;echeck@1-ofd.ru;117574 Москва, р-н Ясенево, Новоясеневский пр-кт, д.1, к.2;N/A;2024-06-26 09:08:00;Кассир: АУР;558.50
728;echeck@1-ofd.ru;117574 Москва, р-н Ясенево, Новоясеневский пр-кт, д.1, к.2;N/A;2024-06-27 09:08:00;Кассир: АУР;69.72
729;noreply@ofd.ru;https://vkusvill.ru/;N/A;2024-06-28 09:15:00;Кассир;2477.03
730;noreply@ofd.ru;www.vkusvill.ru;г. Москва, ул. Ленинская Слобода, д.19;2024-06-28 09:16:00;Кассир;2477.03
731;noreply@ofd.ru;www.vkusvill.ru;г. Москва, ул. Ленинская Слобода, д.19;2024-06-30 11:13:00;Кассир;3813.44
732;noreply@ofd.ru;https://vkusvill.ru/;N/A;2024-06-30 11:12:00;Кассир;3813.44
733;echeck@1-ofd.ru;117574 Москва, р-н Ясенево, Новоясеневский пр-кт, д.1, к.2;N/A;2024-07-01 13:18:00;Кассир: АУР;482.00
734;noreply@ofd.ru;www.vkusvill.ru;г. Москва, ул. Ленинская Слобода, д.19;2024-07-02 14:01:00;Кассир;2992.72
735;noreply@ofd.ru;https://vkusvill.ru/;N/A;2024-07-02 14:00:00;Кассир;2992.72
736;echeck@1-ofd.ru;117574 Москва, р-н Ясенево, Новоясеневский пр-кт, д.1, к.2;N/A;2024-07-03 09:11:00;Кассир: АУР;477.00
737;echeck@1-ofd.ru;115522, г Москва, р-н Москворечье-Сабурово, Каширское шоссе, д 26 к 2;N/A;2024-07-03 19:19:00;Кассир: Федорова Татьяна Евгеньевна;478.50
738;echeck@1-ofd.ru;117574 Москва, р-н Ясенево, Новоясеневский пр-кт, д.1, к.2;N/A;2024-07-04 09:09:00;Кассир: АУР;105.00
739;echeck@1-ofd.ru;115569, г Москва, Орехово-Борисово Северное р-н, ул Маршала Захарова, д 2;N/A;2024-07-04 20:51:00;Кассир: АУР;1636.00
740;noreply@ofd.ru;www.vkusvill.ru;г. Москва, ул. Ленинская Слобода, д.19;2024-07-05 09:52:00;Кассир;3997.31
741;noreply@ofd.ru;https://vkusvill.ru/;N/A;2024-07-05 09:46:00;Кассир;3997.31
742;echeck@1-ofd.ru;117218, г Москва, Академический р-н, Нахимовский пр-кт, д 28 к 1;N/A;2024-07-06 15:56:00;Кассир: АУР;201.00
743;echeck@1-ofd.ru;115551, г. Москва, Шипиловский пр-зд, д. 39 к 2;N/A;2024-07-07 15:17:00;Кассир: АУР;283.00
744;echeck@1-ofd.ru;117574 Москва, р-н Ясенево, Новоясеневский пр-кт, д.1, к.2;N/A;2024-07-09 09:06:00;Кассир: АУР;311.00
745;echeck@1-ofd.ru;115569, г Москва, Орехово-Борисово Северное р-н, ул Маршала Захарова, д 2;N/A;2024-07-09 19:14:00;Кассир: АУР;289.00
746;echeck@1-ofd.ru;115569, г Москва, Орехово-Борисово Северное р-н, ул Маршала Захарова, д 2;N/A;2024-07-09 19:20:00;Кассир: АУР;377.00
747;echeck@1-ofd.ru;117574 Москва, р-н Ясенево, Новоясеневский пр-кт, д.1, к.2;N/A;2024-07-10 08:58:00;Кассир: АУР;249.31
748;echeck@1-ofd.ru;115522, г Москва, р-н Москворечье-Сабурово, Каширское шоссе, д 26 к 2;N/A;2024-07-10 18:59:00;Кассир: АУР;155.04
749;noreply@ofd.ru;www.vkusvill.ru;г. Москва, ул. Ленинская Слобода, д.19;2024-07-12 09:21:00;Кассир;2286.28
750;noreply@ofd.ru;https://vkusvill.ru/;N/A;2024-07-12 09:19:00;Кассир;2286.28
751;noreply@ofd.ru;https://vkusvill.ru/;N/A;2024-07-14 10:22:00;Кассир;2655.05
752;noreply@ofd.ru;www.vkusvill.ru;г. Москва, ул. Ленинская Слобода, д.19;2024-07-14 10:24:00;Кассир;2655.05
753;echeck@1-ofd.ru;117218, г Москва, Академический р-н, Нахимовский пр-кт, д 28 к 1;N/A;2024-07-14 14:25:00;Кассир: АУР;496.40
754;echeck@1-ofd.ru;115569, г Москва, Орехово-Борисово Северное р-н, ул Маршала Захарова, д 2;N/A;2024-07-16 19:10:00;Кассир: АУР;1214.00
755;echeck@1-ofd.ru;117574 Москва, р-н Ясенево, Новоясеневский пр-кт, д.1, к.2;N/A;2024-07-17 09:11:00;Кассир: АУР;495.56
756;echeck@1-ofd.ru;117574 Москва, р-н Ясенево, Новоясеневский пр-кт, д.1, к.2;N/A;2024-07-18 09:08:00;Кассир: АУР;388.00
757;noreply@ofd.ru;www.vkusvill.ru;г. Москва, ул. Ленинская Слобода, д.19;2024-07-18 12:30:00;Кассир;1777.19
758;noreply@ofd.ru;https://vkusvill.ru/;N/A;2024-07-18 12:23:00;Кассир;1777.19
759;echeck@1-ofd.ru;115569, г. Москва, Орехово-Борисово Северное р-н, ул. Маршала Захарова, д. 2;N/A;2024-07-19 19:01:00;Кассир: Шмакотина Полина Владимировна;160.00
760;echeck@1-ofd.ru;115569, г Москва, Орехово-Борисово Северное р-н, ул Маршала Захарова, д 2;N/A;2024-07-19 19:04:00;Кассир: АУР;960.98
761;noreply@ofd.ru;https://vkusvill.ru/;N/A;2024-07-22 18:56:00;Кассир;3584.51
762;noreply@ofd.ru;www.vkusvill.ru;г. Москва, ул. Ленинская Слобода, д.19;2024-07-22 19:02:00;Кассир;3584.51
763;echeck@1-ofd.ru;117574 Москва, р-н Ясенево, Новоясеневский пр-кт, д.1, к.2;N/A;2024-07-23 09:03:00;Кассир: АУР;353.00
764;echeck@1-ofd.ru;117574 Москва, р-н Ясенево, Новоясеневский пр-кт, д.1, к.2;N/A;2024-07-24 09:01:00;Кассир: АУР;378.64
765;echeck@1-ofd.ru;115569, г Москва, Орехово-Борисово Северное р-н, ул Маршала Захарова, д 2;N/A;2024-07-24 19:28:00;Кассир: АУР;973.47
766;echeck@1-ofd.ru;117574 Москва, р-н Ясенево, Новоясеневский пр-кт, д.1, к.2;N/A;2024-07-25 09:04:00;Кассир: АУР;126.46
767;noreply@ofd.ru;https://vkusvill.ru/;N/A;2024-07-25 17:56:00;Кассир;3266.24
768;noreply@ofd.ru;www.vkusvill.ru;г. Москва, ул. Ленинская Слобода, д.19;2024-07-25 17:59:00;Кассир;3266.24
769;noreply@ofd.ru;www.vkusvill.ru;г. Москва, ул. Ленинская Слобода, д.19;2024-07-27 11:26:00;Кассир;2802.21
770;noreply@ofd.ru;https://vkusvill.ru/;N/A;2024-07-27 11:19:00;Кассир;2802.21
771;echeck@1-ofd.ru;115569, г Москва, Орехово-Борисово Северное р-н, ул Маршала Захарова, д 2;N/A;2024-07-27 20:39:00;Кассир: АУР;875.23
772;echeck@1-ofd.ru;117574 Москва, р-н Ясенево, Новоясеневский пр-кт, д.1, к.2;N/A;2024-07-30 09:07:00;Кассир: АУР;132.00
773;echeck@1-ofd.ru;115569, г Москва, Орехово-Борисово Северное р-н, ул Маршала Захарова, д 2;N/A;2024-07-30 19:05:00;Кассир: АУР;534.00
774;echeck@1-ofd.ru;117574 Москва, р-н Ясенево, Новоясеневский пр-кт, д.1, к.2;N/A;2024-07-31 09:05:00;Кассир: АУР;388.59
775;echeck@1-ofd.ru;115569, г Москва, Орехово-Борисово Северное р-н, ул Маршала Захарова, д 2;N/A;2024-07-31 19:28:00;Кассир: АУР;1294.00
776;echeck@1-ofd.ru;117574 Москва, р-н Ясенево, Новоясеневский пр-кт, д.1, к.2;N/A;2024-08-01 09:04:00;Кассир: АУР;159.98
777;noreply@ofd.ru;https://vkusvill.ru/;N/A;2024-08-01 12:08:00;Кассир;2541.04
778;noreply@ofd.ru;www.vkusvill.ru;г. Москва, ул. Ленинская Слобода, д.19;2024-08-01 12:09:00;Кассир;2541.04
779;echeck@1-ofd.ru;115569, г Москва, Орехово-Борисово Северное р-н, ул Маршала Захарова, д 2;N/A;2024-08-03 19:05:00;Кассир: АУР;590.00
780;noreply@ofd.ru;www.vkusvill.ru;г. Москва, ул. Ленинская Слобода, д.19;2024-08-04 10:43:00;Кассир;3098.92
781;noreply@ofd.ru;https://vkusvill.ru/;N/A;2024-08-04 10:42:00;Кассир;3098.92
782;echeck@1-ofd.ru;117574 Москва, р-н Ясенево, Новоясеневский пр-кт, д.1, к.2;N/A;2024-08-06 09:09:00;Кассир: АУР;528.00
783;echeck@1-ofd.ru;115569, г Москва, Орехово-Борисово Северное р-н, ул Маршала Захарова, д 2;N/A;2024-08-06 19:20:00;Кассир: АУР;1207.39
784;echeck@1-ofd.ru;117574 Москва, р-н Ясенево, Новоясеневский пр-кт, д.1, к.2;N/A;2024-08-07 09:15:00;Кассир: АУР;443.91
785;noreply@ofd.ru;https://vkusvill.ru/;N/A;2024-08-07 12:03:00;Кассир;1442.56
786;noreply@ofd.ru;www.vkusvill.ru;г. Москва, ул. Ленинская Слобода, д.19;2024-08-07 12:05:00;Кассир;1442.56
787;echeck@1-ofd.ru;117574 Москва, р-н Ясенево, Новоясеневский пр-кт, д.1, к.2;N/A;2024-08-08 09:09:00;Кассир: АУР;178.30
788;echeck@1-ofd.ru;115569, г. Москва, ул. Маршала Захарова, д. 16, к. 2;N/A;2024-08-09 08:48:00;Кассир: АУР;240.00
789;echeck@1-ofd.ru;115522, г Москва, р-н Москворечье-Сабурово, Каширское шоссе, д 26 к 2;N/A;2024-08-10 16:20:00;Кассир: АУР;612.00
790;echeck@1-ofd.ru;125080, г. Москва ул Алабяна, д.10 к 1;N/A;2024-08-10 17:50:00;Кассир: АУР;395.00
791;noreply@ofd.ru;https://vkusvill.ru/;N/A;2024-08-11 10:27:00;Кассир;227.85
792;noreply@ofd.ru;www.vkusvill.ru;г. Москва, ул. Ленинская Слобода, д.19;2024-08-11 10:38:00;Кассир;227.85
793;noreply@ofd.ru;www.vkusvill.ru;г. Москва, ул. Ленинская Слобода, д.19;2024-08-11 10:42:00;Кассир;1993.76
794;noreply@ofd.ru;https://vkusvill.ru/;N/A;2024-08-11 10:40:00;Кассир;1993.76
795;echeck@1-ofd.ru;115569, г Москва, Орехово-Борисово Северное р-н, ул Маршала Захарова, д 2;N/A;2024-08-12 19:09:00;Кассир: АУР;187.93
796;echeck@1-ofd.ru;117574 Москва, р-н Ясенево, Новоясеневский пр-кт, д.1, к.2;N/A;2024-08-13 09:00:00;Кассир: АУР;508.00
797;noreply@ofd.ru;https://vkusvill.ru/;N/A;2024-08-14 19:51:00;Кассир;2108.77
798;noreply@ofd.ru;www.vkusvill.ru;г. Москва, ул. Ленинская Слобода, д.19;2024-08-14 19:52:00;Кассир;2108.77
